2025-12-26 06:13:49 - root - [32mINFO[0m - ================================================================================
2025-12-26 06:13:49 - root - [32mINFO[0m - STIG Automation Tool - Ubuntu 24.04 LTS
2025-12-26 06:13:49 - root - [32mINFO[0m - ================================================================================
2025-12-26 06:13:49 - root - [32mINFO[0m - SSH Mode: ubuntu@35.169.107.173:22
2025-12-26 06:13:49 - root - [32mINFO[0m - Initializing command executor...
2025-12-26 06:13:49 - paramiko.transport - [32mINFO[0m - Connected (version 2.0, client OpenSSH_9.6p1)
2025-12-26 06:13:50 - root - [31mERROR[0m - ✗ Execution failed: [Errno 2] No such file or directory: 'ubu24.pem'
Traceback (most recent call last):
  File "C:\Users\Khoa_Le\Documents\Y4\LTKBTDHCQT&BMM\DA\stig_automation\main.py", line 222, in main
    with CommandExecutor(mode=args.mode, ssh_config=ssh_config) as executor:
         ^^^^^^^^^^^^^^^^^^^^^^^^^^^^^^^^^^^^^^^^^^^^^^^^^^^^^^
  File "C:\Users\Khoa_Le\Documents\Y4\LTKBTDHCQT&BMM\DA\stig_automation\lib\executor.py", line 27, in __init__
    self._setup_ssh()
  File "C:\Users\Khoa_Le\Documents\Y4\LTKBTDHCQT&BMM\DA\stig_automation\lib\executor.py", line 58, in _setup_ssh
    self.ssh_client.connect(**connect_kwargs)
  File "C:\Users\Khoa_Le\Documents\Y4\LTKBTDHCQT&BMM\DA\stig_automation\venv\Lib\site-packages\paramiko\client.py", line 483, in connect
    self._auth(
  File "C:\Users\Khoa_Le\Documents\Y4\LTKBTDHCQT&BMM\DA\stig_automation\venv\Lib\site-packages\paramiko\client.py", line 727, in _auth
    key = self._key_from_filepath(
          ^^^^^^^^^^^^^^^^^^^^^^^^
  File "C:\Users\Khoa_Le\Documents\Y4\LTKBTDHCQT&BMM\DA\stig_automation\venv\Lib\site-packages\paramiko\client.py", line 636, in _key_from_filepath
    key = klass.from_private_key_file(key_path, password)
          ^^^^^^^^^^^^^^^^^^^^^^^^^^^^^^^^^^^^^^^^^^^^^^^
  File "C:\Users\Khoa_Le\Documents\Y4\LTKBTDHCQT&BMM\DA\stig_automation\venv\Lib\site-packages\paramiko\pkey.py", line 431, in from_private_key_file
    key = cls(filename=filename, password=password)
          ^^^^^^^^^^^^^^^^^^^^^^^^^^^^^^^^^^^^^^^^^
  File "C:\Users\Khoa_Le\Documents\Y4\LTKBTDHCQT&BMM\DA\stig_automation\venv\Lib\site-packages\paramiko\rsakey.py", line 64, in __init__
    self._from_private_key_file(filename, password)
  File "C:\Users\Khoa_Le\Documents\Y4\LTKBTDHCQT&BMM\DA\stig_automation\venv\Lib\site-packages\paramiko\rsakey.py", line 196, in _from_private_key_file
    data = self._read_private_key_file("RSA", filename, password)
           ^^^^^^^^^^^^^^^^^^^^^^^^^^^^^^^^^^^^^^^^^^^^^^^^^^^^^^
  File "C:\Users\Khoa_Le\Documents\Y4\LTKBTDHCQT&BMM\DA\stig_automation\venv\Lib\site-packages\paramiko\pkey.py", line 506, in _read_private_key_file
    with open(filename, "r") as f:
         ^^^^^^^^^^^^^^^^^^^
FileNotFoundError: [Errno 2] No such file or directory: 'ubu24.pem'
2025-12-26 06:18:28 - root - [32mINFO[0m - ================================================================================
2025-12-26 06:18:28 - root - [32mINFO[0m - STIG Automation Tool - Ubuntu 24.04 LTS
2025-12-26 06:18:28 - root - [32mINFO[0m - ================================================================================
2025-12-26 06:18:28 - root - [32mINFO[0m - SSH Mode: ubuntu@35.169.107.173:22
2025-12-26 06:18:28 - root - [32mINFO[0m - Initializing command executor...
2025-12-26 06:18:28 - paramiko.transport - [32mINFO[0m - Connected (version 2.0, client OpenSSH_9.6p1)
2025-12-26 06:18:29 - root - [31mERROR[0m - ✗ Execution failed: [Errno 2] No such file or directory: 'C:\\Users\\Khoa_Le\\Documents\\Y4\\LTKB\\ubu24.pem'
Traceback (most recent call last):
  File "C:\Users\Khoa_Le\Documents\Y4\LTKB\DA\stig_automation\main.py", line 222, in main
    with CommandExecutor(mode=args.mode, ssh_config=ssh_config) as executor:
         ^^^^^^^^^^^^^^^^^^^^^^^^^^^^^^^^^^^^^^^^^^^^^^^^^^^^^^
  File "C:\Users\Khoa_Le\Documents\Y4\LTKB\DA\stig_automation\lib\executor.py", line 27, in __init__
    self._setup_ssh()
  File "C:\Users\Khoa_Le\Documents\Y4\LTKB\DA\stig_automation\lib\executor.py", line 58, in _setup_ssh
    self.ssh_client.connect(**connect_kwargs)
  File "C:\Users\Khoa_Le\Documents\Y4\LTKB\DA\.venv\Lib\site-packages\paramiko\client.py", line 483, in connect
    self._auth(
  File "C:\Users\Khoa_Le\Documents\Y4\LTKB\DA\.venv\Lib\site-packages\paramiko\client.py", line 727, in _auth
    key = self._key_from_filepath(
          ^^^^^^^^^^^^^^^^^^^^^^^^
  File "C:\Users\Khoa_Le\Documents\Y4\LTKB\DA\.venv\Lib\site-packages\paramiko\client.py", line 636, in _key_from_filepath
    key = klass.from_private_key_file(key_path, password)
          ^^^^^^^^^^^^^^^^^^^^^^^^^^^^^^^^^^^^^^^^^^^^^^^
  File "C:\Users\Khoa_Le\Documents\Y4\LTKB\DA\.venv\Lib\site-packages\paramiko\pkey.py", line 431, in from_private_key_file
    key = cls(filename=filename, password=password)
          ^^^^^^^^^^^^^^^^^^^^^^^^^^^^^^^^^^^^^^^^^
  File "C:\Users\Khoa_Le\Documents\Y4\LTKB\DA\.venv\Lib\site-packages\paramiko\rsakey.py", line 64, in __init__
    self._from_private_key_file(filename, password)
  File "C:\Users\Khoa_Le\Documents\Y4\LTKB\DA\.venv\Lib\site-packages\paramiko\rsakey.py", line 196, in _from_private_key_file
    data = self._read_private_key_file("RSA", filename, password)
           ^^^^^^^^^^^^^^^^^^^^^^^^^^^^^^^^^^^^^^^^^^^^^^^^^^^^^^
  File "C:\Users\Khoa_Le\Documents\Y4\LTKB\DA\.venv\Lib\site-packages\paramiko\pkey.py", line 506, in _read_private_key_file
    with open(filename, "r") as f:
         ^^^^^^^^^^^^^^^^^^^
FileNotFoundError: [Errno 2] No such file or directory: 'C:\\Users\\Khoa_Le\\Documents\\Y4\\LTKB\\ubu24.pem'
2025-12-26 06:21:59 - root - [32mINFO[0m - ================================================================================
2025-12-26 06:21:59 - root - [32mINFO[0m - STIG Automation Tool - Ubuntu 24.04 LTS
2025-12-26 06:21:59 - root - [32mINFO[0m - ================================================================================
2025-12-26 06:21:59 - root - [32mINFO[0m - SSH Mode: ubuntu@35.169.107.173:22
2025-12-26 06:21:59 - root - [32mINFO[0m - Initializing command executor...
2025-12-26 06:22:00 - paramiko.transport - [32mINFO[0m - Connected (version 2.0, client OpenSSH_9.6p1)
2025-12-26 06:22:02 - paramiko.transport - [32mINFO[0m - Authentication (publickey) successful!
2025-12-26 06:22:02 - lib.executor - [32mINFO[0m - SSH connection established to 35.169.107.173
2025-12-26 06:22:03 - root - [32mINFO[0m - Target hostname: ip-172-31-8-148
2025-12-26 06:22:03 - root - [32mINFO[0m - 
2025-12-26 06:22:03 - root - [32mINFO[0m - ================================================================================
2025-12-26 06:22:03 - root - [32mINFO[0m - PHASE 1: Pre-Remediation Check
2025-12-26 06:22:03 - root - [32mINFO[0m - ================================================================================
2025-12-26 06:22:03 - lib.checker - [32mINFO[0m - Loaded 35 STIG rules
2025-12-26 06:22:03 - lib.checker - [32mINFO[0m - Starting checks for 35 rules
2025-12-26 06:22:03 - lib.checker - [32mINFO[0m - Checking rule: UBTU-24-90890
2025-12-26 06:22:04 - lib.checker - [32mINFO[0m - Rule UBTU-24-90890: FAIL
2025-12-26 06:22:04 - lib.checker - [32mINFO[0m - Checking rule: UBTU-24-100010
2025-12-26 06:22:05 - lib.checker - [32mINFO[0m - Rule UBTU-24-100010: FAIL
2025-12-26 06:22:05 - lib.checker - [32mINFO[0m - Checking rule: UBTU-24-100020
2025-12-26 06:22:06 - lib.checker - [32mINFO[0m - Rule UBTU-24-100020: FAIL
2025-12-26 06:22:06 - lib.checker - [32mINFO[0m - Checking rule: UBTU-24-100030
2025-12-26 06:22:06 - lib.checker - [32mINFO[0m - Rule UBTU-24-100030: FAIL
2025-12-26 06:22:06 - lib.checker - [32mINFO[0m - Checking rule: UBTU-24-100040
2025-12-26 06:22:07 - lib.checker - [32mINFO[0m - Rule UBTU-24-100040: FAIL
2025-12-26 06:22:07 - lib.checker - [32mINFO[0m - Checking rule: UBTU-24-100100
2025-12-26 06:22:08 - lib.checker - [32mINFO[0m - Rule UBTU-24-100100: FAIL
2025-12-26 06:22:08 - lib.checker - [32mINFO[0m - Checking rule: UBTU-24-100110
2025-12-26 06:22:09 - lib.checker - [32mINFO[0m - Rule UBTU-24-100110: FAIL
2025-12-26 06:22:09 - lib.checker - [32mINFO[0m - Checking rule: UBTU-24-100120
2025-12-26 06:22:10 - lib.checker - [32mINFO[0m - Rule UBTU-24-100120: FAIL
2025-12-26 06:22:10 - lib.checker - [32mINFO[0m - Checking rule: UBTU-24-100130
2025-12-26 06:22:11 - lib.checker - [32mINFO[0m - Rule UBTU-24-100130: FAIL
2025-12-26 06:22:11 - lib.checker - [32mINFO[0m - Checking rule: UBTU-24-100200
2025-12-26 06:22:12 - lib.checker - [32mINFO[0m - Rule UBTU-24-100200: FAIL
2025-12-26 06:22:12 - lib.checker - [32mINFO[0m - Checking rule: UBTU-24-100300
2025-12-26 06:22:13 - lib.checker - [32mINFO[0m - Rule UBTU-24-100300: FAIL
2025-12-26 06:22:13 - lib.checker - [32mINFO[0m - Checking rule: UBTU-24-100310
2025-12-26 06:22:14 - lib.checker - [32mINFO[0m - Rule UBTU-24-100310: FAIL
2025-12-26 06:22:14 - lib.checker - [32mINFO[0m - Checking rule: UBTU-24-100400
2025-12-26 06:22:15 - lib.checker - [32mINFO[0m - Rule UBTU-24-100400: FAIL
2025-12-26 06:22:15 - lib.checker - [32mINFO[0m - Checking rule: UBTU-24-100410
2025-12-26 06:22:16 - lib.checker - [32mINFO[0m - Rule UBTU-24-100410: FAIL
2025-12-26 06:22:16 - lib.checker - [32mINFO[0m - Checking rule: UBTU-24-100450
2025-12-26 06:22:17 - lib.checker - [32mINFO[0m - Rule UBTU-24-100450: FAIL
2025-12-26 06:22:17 - lib.checker - [32mINFO[0m - Checking rule: UBTU-24-100500
2025-12-26 06:22:18 - lib.checker - [32mINFO[0m - Rule UBTU-24-100500: FAIL
2025-12-26 06:22:18 - lib.checker - [32mINFO[0m - Checking rule: UBTU-24-100510
2025-12-26 06:22:19 - lib.checker - [32mINFO[0m - Rule UBTU-24-100510: FAIL
2025-12-26 06:22:19 - lib.checker - [32mINFO[0m - Checking rule: UBTU-24-100600
2025-12-26 06:22:20 - lib.checker - [32mINFO[0m - Rule UBTU-24-100600: FAIL
2025-12-26 06:22:20 - lib.checker - [32mINFO[0m - Checking rule: UBTU-24-100650
2025-12-26 06:22:21 - lib.checker - [32mINFO[0m - Rule UBTU-24-100650: FAIL
2025-12-26 06:22:21 - lib.checker - [32mINFO[0m - Checking rule: UBTU-24-100660
2025-12-26 06:22:21 - lib.checker - [32mINFO[0m - Rule UBTU-24-100660: FAIL
2025-12-26 06:22:21 - lib.checker - [32mINFO[0m - Checking rule: UBTU-24-100700
2025-12-26 06:22:22 - lib.checker - [32mINFO[0m - Rule UBTU-24-100700: FAIL
2025-12-26 06:22:22 - lib.checker - [32mINFO[0m - Checking rule: UBTU-24-100800
2025-12-26 06:22:23 - lib.checker - [32mINFO[0m - Rule UBTU-24-100800: FAIL
2025-12-26 06:22:23 - lib.checker - [32mINFO[0m - Checking rule: UBTU-24-100810
2025-12-26 06:22:24 - lib.checker - [32mINFO[0m - Rule UBTU-24-100810: FAIL
2025-12-26 06:22:24 - lib.checker - [32mINFO[0m - Checking rule: UBTU-24-100820
2025-12-26 06:22:25 - lib.checker - [32mINFO[0m - Rule UBTU-24-100820: FAIL
2025-12-26 06:22:25 - lib.checker - [32mINFO[0m - Checking rule: UBTU-24-100830
2025-12-26 06:22:26 - lib.checker - [32mINFO[0m - Rule UBTU-24-100830: FAIL
2025-12-26 06:22:26 - lib.checker - [32mINFO[0m - Checking rule: UBTU-24-100840
2025-12-26 06:22:27 - lib.checker - [32mINFO[0m - Rule UBTU-24-100840: FAIL
2025-12-26 06:22:27 - lib.checker - [32mINFO[0m - Checking rule: UBTU-24-100900
2025-12-26 06:22:28 - lib.checker - [32mINFO[0m - Rule UBTU-24-100900: FAIL
2025-12-26 06:22:28 - lib.checker - [32mINFO[0m - Checking rule: UBTU-24-102000
2025-12-26 06:22:29 - lib.checker - [32mINFO[0m - Rule UBTU-24-102000: FAIL
2025-12-26 06:22:29 - lib.checker - [32mINFO[0m - Checking rule: UBTU-24-200060
2025-12-26 06:22:30 - lib.checker - [32mINFO[0m - Rule UBTU-24-200060: FAIL
2025-12-26 06:22:30 - lib.checker - [32mINFO[0m - Checking rule: UBTU-24-200250
2025-12-26 06:22:31 - lib.checker - [32mINFO[0m - Rule UBTU-24-200250: FAIL
2025-12-26 06:22:31 - lib.checker - [32mINFO[0m - Checking rule: UBTU-24-200260
2025-12-26 06:22:32 - lib.checker - [32mINFO[0m - Rule UBTU-24-200260: FAIL
2025-12-26 06:22:32 - lib.checker - [32mINFO[0m - Checking rule: UBTU-24-200000
2025-12-26 06:22:33 - lib.checker - [32mINFO[0m - Rule UBTU-24-200000: FAIL
2025-12-26 06:22:33 - lib.checker - [32mINFO[0m - Checking rule: UBTU-24-300001
2025-12-26 06:22:33 - lib.checker - [32mINFO[0m - Rule UBTU-24-300001: FAIL
2025-12-26 06:22:33 - lib.checker - [32mINFO[0m - Checking rule: UBTU-24-300017
2025-12-26 06:22:34 - lib.checker - [32mINFO[0m - Rule UBTU-24-300017: FAIL
2025-12-26 06:22:34 - lib.checker - [32mINFO[0m - Checking rule: UBTU-24-400340
2025-12-26 06:22:35 - lib.checker - [32mINFO[0m - Rule UBTU-24-400340: FAIL
2025-12-26 06:22:35 - lib.checker - [32mINFO[0m - Check completed: 0 PASS, 35 FAIL, 0 ERROR
2025-12-26 06:22:35 - root - [32mINFO[0m - Pre-check Summary: 0 PASS, 35 FAIL, 0 ERROR
2025-12-26 06:22:35 - root - [32mINFO[0m - Initial Compliance Rate: 0.0%
2025-12-26 06:22:35 - root - [32mINFO[0m - Skipping remediation (check-only mode)
2025-12-26 06:22:35 - root - [32mINFO[0m - 
2025-12-26 06:22:35 - root - [32mINFO[0m - ================================================================================
2025-12-26 06:22:35 - root - [32mINFO[0m - PHASE 4: Generate Reports
2025-12-26 06:22:35 - root - [32mINFO[0m - ================================================================================
2025-12-26 06:22:35 - lib.reporter - [32mINFO[0m - HTML report generated: C:\Users\Khoa_Le\Documents\Y4\LTKB\DA\stig_automation\./reports\stig_report_20251226_062235.html
2025-12-26 06:22:35 - root - [32mINFO[0m - HTML Report: C:\Users\Khoa_Le\Documents\Y4\LTKB\DA\stig_automation\./reports\stig_report_20251226_062235.html
2025-12-26 06:22:35 - lib.reporter - [32mINFO[0m - JSON report generated: C:\Users\Khoa_Le\Documents\Y4\LTKB\DA\stig_automation\./reports\stig_report_20251226_062235.json
2025-12-26 06:22:35 - root - [32mINFO[0m - JSON Report: C:\Users\Khoa_Le\Documents\Y4\LTKB\DA\stig_automation\./reports\stig_report_20251226_062235.json
2025-12-26 06:22:35 - root - [32mINFO[0m - 
2025-12-26 06:22:35 - root - [32mINFO[0m - ================================================================================
2025-12-26 06:22:35 - root - [32mINFO[0m - EXECUTION SUMMARY
2025-12-26 06:22:35 - root - [32mINFO[0m - ================================================================================
2025-12-26 06:22:35 - root - [32mINFO[0m - Target: ip-172-31-8-148
2025-12-26 06:22:35 - root - [32mINFO[0m - Mode: ssh
2025-12-26 06:22:35 - root - [32mINFO[0m - Rules Checked: 35
2025-12-26 06:22:35 - root - [32mINFO[0m - Compliance Rate: 0.0%
2025-12-26 06:22:35 - root - [32mINFO[0m - Reports: C:\Users\Khoa_Le\Documents\Y4\LTKB\DA\stig_automation\./reports
2025-12-26 06:22:35 - root - [32mINFO[0m - Logs: C:\Users\Khoa_Le\Documents\Y4\LTKB\DA\stig_automation\./logs
2025-12-26 06:22:35 - root - [32mINFO[0m - 
2025-12-26 06:22:35 - root - [32mINFO[0m - View Reports:
2025-12-26 06:22:35 - root - [32mINFO[0m -   HTML: file://C:\Users\Khoa_Le\Documents\Y4\LTKB\DA\stig_automation\reports\stig_report_20251226_062235.html
2025-12-26 06:22:35 - root - [32mINFO[0m -   JSON: file://C:\Users\Khoa_Le\Documents\Y4\LTKB\DA\stig_automation\reports\stig_report_20251226_062235.json
2025-12-26 06:22:35 - root - [32mINFO[0m - ================================================================================
2025-12-26 06:22:35 - root - [32mINFO[0m - ✓ Execution completed successfully
2025-12-26 06:22:35 - lib.executor - [32mINFO[0m - SSH connection closed
2025-12-26 06:27:28 - root - [32mINFO[0m - ================================================================================
2025-12-26 06:27:28 - root - [32mINFO[0m - STIG Automation Tool - Ubuntu 24.04 LTS
2025-12-26 06:27:28 - root - [32mINFO[0m - ================================================================================
2025-12-26 06:27:28 - root - [32mINFO[0m - SSH Mode: ubuntu@35.169.107.173:22
2025-12-26 06:27:28 - root - [32mINFO[0m - Initializing command executor...
2025-12-26 06:27:29 - paramiko.transport - [32mINFO[0m - Connected (version 2.0, client OpenSSH_9.6p1)
2025-12-26 06:27:30 - root - [33mWARNING[0m - 
⚠ Execution interrupted by user
2025-12-26 06:27:56 - root - [32mINFO[0m - ================================================================================
2025-12-26 06:27:56 - root - [32mINFO[0m - STIG Automation Tool - Ubuntu 24.04 LTS
2025-12-26 06:27:56 - root - [32mINFO[0m - ================================================================================
2025-12-26 06:27:56 - root - [32mINFO[0m - SSH Mode: ubuntu@35.169.107.173:22
2025-12-26 06:27:56 - root - [32mINFO[0m - Initializing command executor...
2025-12-26 06:27:57 - paramiko.transport - [32mINFO[0m - Connected (version 2.0, client OpenSSH_9.6p1)
2025-12-26 06:27:59 - paramiko.transport - [32mINFO[0m - Authentication (publickey) successful!
2025-12-26 06:27:59 - lib.executor - [32mINFO[0m - SSH connection established to 35.169.107.173
2025-12-26 06:28:00 - root - [32mINFO[0m - Target hostname: ip-172-31-8-148
2025-12-26 06:28:00 - root - [32mINFO[0m - 
2025-12-26 06:28:00 - root - [32mINFO[0m - ================================================================================
2025-12-26 06:28:00 - root - [32mINFO[0m - PHASE 1: Pre-Remediation Check
2025-12-26 06:28:00 - root - [32mINFO[0m - ================================================================================
2025-12-26 06:28:00 - lib.checker - [32mINFO[0m - Loaded 35 STIG rules
2025-12-26 06:28:00 - lib.checker - [32mINFO[0m - Starting checks for 35 rules
2025-12-26 06:28:00 - lib.checker - [32mINFO[0m - Checking rule: UBTU-24-90890
2025-12-26 06:28:01 - lib.checker - [32mINFO[0m - Rule UBTU-24-90890: FAIL
2025-12-26 06:28:01 - lib.checker - [32mINFO[0m - Checking rule: UBTU-24-100010
2025-12-26 06:28:01 - lib.checker - [32mINFO[0m - Rule UBTU-24-100010: FAIL
2025-12-26 06:28:02 - lib.checker - [32mINFO[0m - Checking rule: UBTU-24-100020
2025-12-26 06:28:02 - lib.checker - [32mINFO[0m - Rule UBTU-24-100020: FAIL
2025-12-26 06:28:02 - lib.checker - [32mINFO[0m - Checking rule: UBTU-24-100030
2025-12-26 06:28:03 - lib.checker - [32mINFO[0m - Rule UBTU-24-100030: FAIL
2025-12-26 06:28:03 - lib.checker - [32mINFO[0m - Checking rule: UBTU-24-100040
2025-12-26 06:28:04 - lib.checker - [32mINFO[0m - Rule UBTU-24-100040: FAIL
2025-12-26 06:28:04 - lib.checker - [32mINFO[0m - Checking rule: UBTU-24-100100
2025-12-26 06:28:05 - lib.checker - [32mINFO[0m - Rule UBTU-24-100100: FAIL
2025-12-26 06:28:05 - lib.checker - [32mINFO[0m - Checking rule: UBTU-24-100110
2025-12-26 06:28:06 - lib.checker - [32mINFO[0m - Rule UBTU-24-100110: FAIL
2025-12-26 06:28:06 - lib.checker - [32mINFO[0m - Checking rule: UBTU-24-100120
2025-12-26 06:28:07 - lib.checker - [32mINFO[0m - Rule UBTU-24-100120: FAIL
2025-12-26 06:28:07 - lib.checker - [32mINFO[0m - Checking rule: UBTU-24-100130
2025-12-26 06:28:08 - lib.checker - [32mINFO[0m - Rule UBTU-24-100130: FAIL
2025-12-26 06:28:08 - lib.checker - [32mINFO[0m - Checking rule: UBTU-24-100200
2025-12-26 06:28:09 - lib.checker - [32mINFO[0m - Rule UBTU-24-100200: FAIL
2025-12-26 06:28:09 - lib.checker - [32mINFO[0m - Checking rule: UBTU-24-100300
2025-12-26 06:28:10 - lib.checker - [32mINFO[0m - Rule UBTU-24-100300: FAIL
2025-12-26 06:28:10 - lib.checker - [32mINFO[0m - Checking rule: UBTU-24-100310
2025-12-26 06:28:11 - lib.checker - [32mINFO[0m - Rule UBTU-24-100310: FAIL
2025-12-26 06:28:11 - lib.checker - [32mINFO[0m - Checking rule: UBTU-24-100400
2025-12-26 06:28:12 - lib.checker - [32mINFO[0m - Rule UBTU-24-100400: FAIL
2025-12-26 06:28:12 - lib.checker - [32mINFO[0m - Checking rule: UBTU-24-100410
2025-12-26 06:28:13 - lib.checker - [32mINFO[0m - Rule UBTU-24-100410: FAIL
2025-12-26 06:28:13 - lib.checker - [32mINFO[0m - Checking rule: UBTU-24-100450
2025-12-26 06:28:14 - lib.checker - [32mINFO[0m - Rule UBTU-24-100450: FAIL
2025-12-26 06:28:14 - lib.checker - [32mINFO[0m - Checking rule: UBTU-24-100500
2025-12-26 06:28:15 - lib.checker - [32mINFO[0m - Rule UBTU-24-100500: FAIL
2025-12-26 06:28:15 - lib.checker - [32mINFO[0m - Checking rule: UBTU-24-100510
2025-12-26 06:28:16 - lib.checker - [32mINFO[0m - Rule UBTU-24-100510: FAIL
2025-12-26 06:28:16 - lib.checker - [32mINFO[0m - Checking rule: UBTU-24-100600
2025-12-26 06:28:17 - lib.checker - [32mINFO[0m - Rule UBTU-24-100600: FAIL
2025-12-26 06:28:17 - lib.checker - [32mINFO[0m - Checking rule: UBTU-24-100650
2025-12-26 06:28:19 - lib.checker - [32mINFO[0m - Rule UBTU-24-100650: FAIL
2025-12-26 06:28:19 - lib.checker - [32mINFO[0m - Checking rule: UBTU-24-100660
2025-12-26 06:28:20 - lib.checker - [32mINFO[0m - Rule UBTU-24-100660: FAIL
2025-12-26 06:28:20 - lib.checker - [32mINFO[0m - Checking rule: UBTU-24-100700
2025-12-26 06:28:21 - lib.checker - [32mINFO[0m - Rule UBTU-24-100700: FAIL
2025-12-26 06:28:21 - lib.checker - [32mINFO[0m - Checking rule: UBTU-24-100800
2025-12-26 06:28:22 - lib.checker - [32mINFO[0m - Rule UBTU-24-100800: FAIL
2025-12-26 06:28:22 - lib.checker - [32mINFO[0m - Checking rule: UBTU-24-100810
2025-12-26 06:28:23 - lib.checker - [32mINFO[0m - Rule UBTU-24-100810: FAIL
2025-12-26 06:28:23 - lib.checker - [32mINFO[0m - Checking rule: UBTU-24-100820
2025-12-26 06:28:24 - lib.checker - [32mINFO[0m - Rule UBTU-24-100820: FAIL
2025-12-26 06:28:24 - lib.checker - [32mINFO[0m - Checking rule: UBTU-24-100830
2025-12-26 06:28:25 - lib.checker - [32mINFO[0m - Rule UBTU-24-100830: FAIL
2025-12-26 06:28:25 - lib.checker - [32mINFO[0m - Checking rule: UBTU-24-100840
2025-12-26 06:28:26 - lib.checker - [32mINFO[0m - Rule UBTU-24-100840: FAIL
2025-12-26 06:28:26 - lib.checker - [32mINFO[0m - Checking rule: UBTU-24-100900
2025-12-26 06:28:26 - lib.checker - [32mINFO[0m - Rule UBTU-24-100900: FAIL
2025-12-26 06:28:26 - lib.checker - [32mINFO[0m - Checking rule: UBTU-24-102000
2025-12-26 06:28:27 - lib.checker - [32mINFO[0m - Rule UBTU-24-102000: FAIL
2025-12-26 06:28:27 - lib.checker - [32mINFO[0m - Checking rule: UBTU-24-200060
2025-12-26 06:28:28 - lib.checker - [32mINFO[0m - Rule UBTU-24-200060: FAIL
2025-12-26 06:28:28 - lib.checker - [32mINFO[0m - Checking rule: UBTU-24-200250
2025-12-26 06:28:29 - lib.checker - [32mINFO[0m - Rule UBTU-24-200250: FAIL
2025-12-26 06:28:29 - lib.checker - [32mINFO[0m - Checking rule: UBTU-24-200260
2025-12-26 06:28:30 - lib.checker - [32mINFO[0m - Rule UBTU-24-200260: FAIL
2025-12-26 06:28:30 - lib.checker - [32mINFO[0m - Checking rule: UBTU-24-200000
2025-12-26 06:28:31 - lib.checker - [32mINFO[0m - Rule UBTU-24-200000: FAIL
2025-12-26 06:28:31 - lib.checker - [32mINFO[0m - Checking rule: UBTU-24-300001
2025-12-26 06:28:32 - lib.checker - [32mINFO[0m - Rule UBTU-24-300001: FAIL
2025-12-26 06:28:32 - lib.checker - [32mINFO[0m - Checking rule: UBTU-24-300017
2025-12-26 06:28:33 - lib.checker - [32mINFO[0m - Rule UBTU-24-300017: FAIL
2025-12-26 06:28:33 - lib.checker - [32mINFO[0m - Checking rule: UBTU-24-400340
2025-12-26 06:28:34 - lib.checker - [32mINFO[0m - Rule UBTU-24-400340: FAIL
2025-12-26 06:28:34 - lib.checker - [32mINFO[0m - Check completed: 0 PASS, 35 FAIL, 0 ERROR
2025-12-26 06:28:34 - root - [32mINFO[0m - Pre-check Summary: 0 PASS, 35 FAIL, 0 ERROR
2025-12-26 06:28:34 - root - [32mINFO[0m - Initial Compliance Rate: 0.0%
2025-12-26 06:28:34 - root - [32mINFO[0m - Skipping remediation (check-only mode)
2025-12-26 06:28:34 - root - [32mINFO[0m - 
2025-12-26 06:28:34 - root - [32mINFO[0m - ================================================================================
2025-12-26 06:28:34 - root - [32mINFO[0m - PHASE 4: Generate Reports
2025-12-26 06:28:34 - root - [32mINFO[0m - ================================================================================
2025-12-26 06:28:34 - lib.reporter - [32mINFO[0m - HTML report generated: C:\Users\Khoa_Le\Documents\Y4\LTKB\DA\stig_automation\./reports\stig_report_20251226_062834.html
2025-12-26 06:28:34 - root - [32mINFO[0m - HTML Report: C:\Users\Khoa_Le\Documents\Y4\LTKB\DA\stig_automation\./reports\stig_report_20251226_062834.html
2025-12-26 06:28:34 - lib.reporter - [32mINFO[0m - JSON report generated: C:\Users\Khoa_Le\Documents\Y4\LTKB\DA\stig_automation\./reports\stig_report_20251226_062834.json
2025-12-26 06:28:34 - root - [32mINFO[0m - JSON Report: C:\Users\Khoa_Le\Documents\Y4\LTKB\DA\stig_automation\./reports\stig_report_20251226_062834.json
2025-12-26 06:28:34 - root - [32mINFO[0m - 
2025-12-26 06:28:34 - root - [32mINFO[0m - ================================================================================
2025-12-26 06:28:34 - root - [32mINFO[0m - EXECUTION SUMMARY
2025-12-26 06:28:34 - root - [32mINFO[0m - ================================================================================
2025-12-26 06:28:34 - root - [32mINFO[0m - Target: ip-172-31-8-148
2025-12-26 06:28:34 - root - [32mINFO[0m - Mode: ssh
2025-12-26 06:28:34 - root - [32mINFO[0m - Rules Checked: 35
2025-12-26 06:28:34 - root - [32mINFO[0m - Compliance Rate: 0.0%
2025-12-26 06:28:34 - root - [32mINFO[0m - Reports: C:\Users\Khoa_Le\Documents\Y4\LTKB\DA\stig_automation\./reports
2025-12-26 06:28:34 - root - [32mINFO[0m - Logs: C:\Users\Khoa_Le\Documents\Y4\LTKB\DA\stig_automation\./logs
2025-12-26 06:28:34 - root - [32mINFO[0m - 
2025-12-26 06:28:34 - root - [32mINFO[0m - View Reports:
2025-12-26 06:28:34 - root - [32mINFO[0m -   HTML: file://C:\Users\Khoa_Le\Documents\Y4\LTKB\DA\stig_automation\reports\stig_report_20251226_062834.html
2025-12-26 06:28:34 - root - [32mINFO[0m -   JSON: file://C:\Users\Khoa_Le\Documents\Y4\LTKB\DA\stig_automation\reports\stig_report_20251226_062834.json
2025-12-26 06:28:34 - root - [32mINFO[0m - ================================================================================
2025-12-26 06:28:34 - root - [32mINFO[0m - ✓ Execution completed successfully
2025-12-26 06:28:34 - lib.executor - [32mINFO[0m - SSH connection closed
2025-12-26 06:29:14 - root - [32mINFO[0m - ================================================================================
2025-12-26 06:29:14 - root - [32mINFO[0m - STIG Automation Tool - Ubuntu 24.04 LTS
2025-12-26 06:29:14 - root - [32mINFO[0m - ================================================================================
2025-12-26 06:29:14 - root - [32mINFO[0m - SSH Mode: ubuntu@35.169.107.173:22
2025-12-26 06:29:14 - root - [32mINFO[0m - Initializing command executor...
2025-12-26 06:29:15 - paramiko.transport - [32mINFO[0m - Connected (version 2.0, client OpenSSH_9.6p1)
2025-12-26 06:29:16 - paramiko.transport - [32mINFO[0m - Authentication (publickey) successful!
2025-12-26 06:29:16 - lib.executor - [32mINFO[0m - SSH connection established to 35.169.107.173
2025-12-26 06:29:17 - root - [32mINFO[0m - Target hostname: ip-172-31-8-148
2025-12-26 06:29:17 - root - [32mINFO[0m - 
2025-12-26 06:29:17 - root - [32mINFO[0m - ================================================================================
2025-12-26 06:29:17 - root - [32mINFO[0m - PHASE 1: Pre-Remediation Check
2025-12-26 06:29:17 - root - [32mINFO[0m - ================================================================================
2025-12-26 06:29:17 - lib.checker - [32mINFO[0m - Loaded 35 STIG rules
2025-12-26 06:29:17 - lib.checker - [32mINFO[0m - Starting checks for 35 rules
2025-12-26 06:29:17 - lib.checker - [32mINFO[0m - Checking rule: UBTU-24-90890
2025-12-26 06:29:18 - lib.checker - [32mINFO[0m - Rule UBTU-24-90890: FAIL
2025-12-26 06:29:18 - lib.checker - [32mINFO[0m - Checking rule: UBTU-24-100010
2025-12-26 06:29:19 - lib.checker - [32mINFO[0m - Rule UBTU-24-100010: FAIL
2025-12-26 06:29:19 - lib.checker - [32mINFO[0m - Checking rule: UBTU-24-100020
2025-12-26 06:29:20 - lib.checker - [32mINFO[0m - Rule UBTU-24-100020: FAIL
2025-12-26 06:29:20 - lib.checker - [32mINFO[0m - Checking rule: UBTU-24-100030
2025-12-26 06:29:21 - lib.checker - [32mINFO[0m - Rule UBTU-24-100030: FAIL
2025-12-26 06:29:21 - lib.checker - [32mINFO[0m - Checking rule: UBTU-24-100040
2025-12-26 06:29:22 - lib.checker - [32mINFO[0m - Rule UBTU-24-100040: FAIL
2025-12-26 06:29:22 - lib.checker - [32mINFO[0m - Checking rule: UBTU-24-100100
2025-12-26 06:29:23 - lib.checker - [32mINFO[0m - Rule UBTU-24-100100: FAIL
2025-12-26 06:29:23 - lib.checker - [32mINFO[0m - Checking rule: UBTU-24-100110
2025-12-26 06:29:24 - lib.checker - [32mINFO[0m - Rule UBTU-24-100110: FAIL
2025-12-26 06:29:24 - lib.checker - [32mINFO[0m - Checking rule: UBTU-24-100120
2025-12-26 06:29:24 - lib.checker - [32mINFO[0m - Rule UBTU-24-100120: FAIL
2025-12-26 06:29:24 - lib.checker - [32mINFO[0m - Checking rule: UBTU-24-100130
2025-12-26 06:29:25 - lib.checker - [32mINFO[0m - Rule UBTU-24-100130: FAIL
2025-12-26 06:29:25 - lib.checker - [32mINFO[0m - Checking rule: UBTU-24-100200
2025-12-26 06:29:26 - lib.checker - [32mINFO[0m - Rule UBTU-24-100200: FAIL
2025-12-26 06:29:26 - lib.checker - [32mINFO[0m - Checking rule: UBTU-24-100300
2025-12-26 06:29:27 - lib.checker - [32mINFO[0m - Rule UBTU-24-100300: FAIL
2025-12-26 06:29:27 - lib.checker - [32mINFO[0m - Checking rule: UBTU-24-100310
2025-12-26 06:29:28 - lib.checker - [32mINFO[0m - Rule UBTU-24-100310: FAIL
2025-12-26 06:29:28 - lib.checker - [32mINFO[0m - Checking rule: UBTU-24-100400
2025-12-26 06:29:29 - lib.checker - [32mINFO[0m - Rule UBTU-24-100400: FAIL
2025-12-26 06:29:29 - lib.checker - [32mINFO[0m - Checking rule: UBTU-24-100410
2025-12-26 06:29:30 - lib.checker - [32mINFO[0m - Rule UBTU-24-100410: FAIL
2025-12-26 06:29:30 - lib.checker - [32mINFO[0m - Checking rule: UBTU-24-100450
2025-12-26 06:29:31 - lib.checker - [32mINFO[0m - Rule UBTU-24-100450: FAIL
2025-12-26 06:29:31 - lib.checker - [32mINFO[0m - Checking rule: UBTU-24-100500
2025-12-26 06:29:32 - lib.checker - [32mINFO[0m - Rule UBTU-24-100500: FAIL
2025-12-26 06:29:32 - lib.checker - [32mINFO[0m - Checking rule: UBTU-24-100510
2025-12-26 06:29:32 - lib.checker - [32mINFO[0m - Rule UBTU-24-100510: FAIL
2025-12-26 06:29:32 - lib.checker - [32mINFO[0m - Checking rule: UBTU-24-100600
2025-12-26 06:29:33 - lib.checker - [32mINFO[0m - Rule UBTU-24-100600: FAIL
2025-12-26 06:29:33 - lib.checker - [32mINFO[0m - Checking rule: UBTU-24-100650
2025-12-26 06:29:34 - lib.checker - [32mINFO[0m - Rule UBTU-24-100650: FAIL
2025-12-26 06:29:34 - lib.checker - [32mINFO[0m - Checking rule: UBTU-24-100660
2025-12-26 06:29:35 - lib.checker - [32mINFO[0m - Rule UBTU-24-100660: FAIL
2025-12-26 06:29:35 - lib.checker - [32mINFO[0m - Checking rule: UBTU-24-100700
2025-12-26 06:29:36 - lib.checker - [32mINFO[0m - Rule UBTU-24-100700: FAIL
2025-12-26 06:29:36 - lib.checker - [32mINFO[0m - Checking rule: UBTU-24-100800
2025-12-26 06:29:37 - lib.checker - [32mINFO[0m - Rule UBTU-24-100800: FAIL
2025-12-26 06:29:37 - lib.checker - [32mINFO[0m - Checking rule: UBTU-24-100810
2025-12-26 06:29:38 - lib.checker - [32mINFO[0m - Rule UBTU-24-100810: FAIL
2025-12-26 06:29:38 - lib.checker - [32mINFO[0m - Checking rule: UBTU-24-100820
2025-12-26 06:29:39 - lib.checker - [32mINFO[0m - Rule UBTU-24-100820: FAIL
2025-12-26 06:29:39 - lib.checker - [32mINFO[0m - Checking rule: UBTU-24-100830
2025-12-26 06:29:40 - lib.checker - [32mINFO[0m - Rule UBTU-24-100830: FAIL
2025-12-26 06:29:40 - lib.checker - [32mINFO[0m - Checking rule: UBTU-24-100840
2025-12-26 06:29:41 - lib.checker - [32mINFO[0m - Rule UBTU-24-100840: FAIL
2025-12-26 06:29:41 - lib.checker - [32mINFO[0m - Checking rule: UBTU-24-100900
2025-12-26 06:29:41 - lib.checker - [32mINFO[0m - Rule UBTU-24-100900: FAIL
2025-12-26 06:29:41 - lib.checker - [32mINFO[0m - Checking rule: UBTU-24-102000
2025-12-26 06:29:42 - lib.checker - [32mINFO[0m - Rule UBTU-24-102000: FAIL
2025-12-26 06:29:42 - lib.checker - [32mINFO[0m - Checking rule: UBTU-24-200060
2025-12-26 06:29:43 - lib.checker - [32mINFO[0m - Rule UBTU-24-200060: FAIL
2025-12-26 06:29:43 - lib.checker - [32mINFO[0m - Checking rule: UBTU-24-200250
2025-12-26 06:29:44 - lib.checker - [32mINFO[0m - Rule UBTU-24-200250: FAIL
2025-12-26 06:29:44 - lib.checker - [32mINFO[0m - Checking rule: UBTU-24-200260
2025-12-26 06:29:45 - lib.checker - [32mINFO[0m - Rule UBTU-24-200260: FAIL
2025-12-26 06:29:45 - lib.checker - [32mINFO[0m - Checking rule: UBTU-24-200000
2025-12-26 06:29:46 - lib.checker - [32mINFO[0m - Rule UBTU-24-200000: FAIL
2025-12-26 06:29:46 - lib.checker - [32mINFO[0m - Checking rule: UBTU-24-300001
2025-12-26 06:29:47 - lib.checker - [32mINFO[0m - Rule UBTU-24-300001: FAIL
2025-12-26 06:29:47 - lib.checker - [32mINFO[0m - Checking rule: UBTU-24-300017
2025-12-26 06:29:48 - lib.checker - [32mINFO[0m - Rule UBTU-24-300017: FAIL
2025-12-26 06:29:48 - lib.checker - [32mINFO[0m - Checking rule: UBTU-24-400340
2025-12-26 06:29:49 - lib.checker - [32mINFO[0m - Rule UBTU-24-400340: FAIL
2025-12-26 06:29:49 - lib.checker - [32mINFO[0m - Check completed: 0 PASS, 35 FAIL, 0 ERROR
2025-12-26 06:29:49 - root - [32mINFO[0m - Pre-check Summary: 0 PASS, 35 FAIL, 0 ERROR
2025-12-26 06:29:49 - root - [32mINFO[0m - Initial Compliance Rate: 0.0%
2025-12-26 06:29:49 - root - [32mINFO[0m - 
2025-12-26 06:29:49 - root - [32mINFO[0m - ================================================================================
2025-12-26 06:29:49 - root - [32mINFO[0m - PHASE 2: Auto Remediation
2025-12-26 06:29:49 - root - [32mINFO[0m - ================================================================================
2025-12-26 06:29:49 - root - [32mINFO[0m - Found 35 failed checks
2025-12-26 06:29:49 - lib.remediator - [32mINFO[0m - Loaded 35 STIG rules for remediation
2025-12-26 06:29:49 - lib.remediator - [32mINFO[0m - 
🚀 Starting remediation for 35 failed rules
2025-12-26 06:29:49 - lib.remediator - [32mINFO[0m -    Max retry attempts: 3
2025-12-26 06:29:49 - lib.remediator - [32mINFO[0m -    Failed rules: UBTU-24-90890, UBTU-24-100010, UBTU-24-100020, UBTU-24-100030, UBTU-24-100040, UBTU-24-100100, UBTU-24-100110, UBTU-24-100120, UBTU-24-100130, UBTU-24-100200, UBTU-24-100300, UBTU-24-100310, UBTU-24-100400, UBTU-24-100410, UBTU-24-100450, UBTU-24-100500, UBTU-24-100510, UBTU-24-100600, UBTU-24-100650, UBTU-24-100660, UBTU-24-100700, UBTU-24-100800, UBTU-24-100810, UBTU-24-100820, UBTU-24-100830, UBTU-24-100840, UBTU-24-100900, UBTU-24-102000, UBTU-24-200060, UBTU-24-200250, UBTU-24-200260, UBTU-24-200000, UBTU-24-300001, UBTU-24-300017, UBTU-24-400340

2025-12-26 06:29:49 - lib.remediator - [32mINFO[0m - 
[1/35] Processing rule: UBTU-24-90890
2025-12-26 06:29:49 - lib.remediator - [32mINFO[0m - 🔄 Remediation attempt 1/3 for UBTU-24-90890
2025-12-26 06:29:49 - lib.remediator - [32mINFO[0m - 
================================================================================
2025-12-26 06:29:49 - lib.remediator - [32mINFO[0m - 🔧 REMEDIATING RULE: UBTU-24-90890
2025-12-26 06:29:49 - lib.remediator - [32mINFO[0m -    Title: System must use encryption to protect audit tools
2025-12-26 06:29:49 - lib.remediator - [32mINFO[0m -    Severity: high
2025-12-26 06:29:49 - lib.remediator - [32mINFO[0m -    Category: integrity
2025-12-26 06:29:49 - lib.remediator - [32mINFO[0m - ================================================================================
2025-12-26 06:29:49 - lib.remediator - [32mINFO[0m - ⚙️  Executing script with 180s timeout...
2025-12-26 06:29:50 - lib.remediator - [33mWARNING[0m - ⚠️  Rule UBTU-24-90890: Remediation FAILED (exit code 127)
2025-12-26 06:29:50 - lib.remediator - [33mWARNING[0m -    Error: bash: C:UsersKhoa_LeDocumentsY4LTKBDAstig_automation./scripts/remediationUBTU-24-90890.sh: No such file or directory
2025-12-26 06:29:50 - lib.remediator - [32mINFO[0m - ================================================================================

2025-12-26 06:29:50 - lib.remediator - [32mINFO[0m - ⏳ Waiting 5s before retry...
2025-12-26 06:29:55 - lib.remediator - [32mINFO[0m - 🔄 Remediation attempt 2/3 for UBTU-24-90890
2025-12-26 06:29:55 - lib.remediator - [32mINFO[0m - 
================================================================================
2025-12-26 06:29:55 - lib.remediator - [32mINFO[0m - 🔧 REMEDIATING RULE: UBTU-24-90890
2025-12-26 06:29:55 - lib.remediator - [32mINFO[0m -    Title: System must use encryption to protect audit tools
2025-12-26 06:29:55 - lib.remediator - [32mINFO[0m -    Severity: high
2025-12-26 06:29:55 - lib.remediator - [32mINFO[0m -    Category: integrity
2025-12-26 06:29:55 - lib.remediator - [32mINFO[0m - ================================================================================
2025-12-26 06:29:55 - lib.remediator - [32mINFO[0m - ⚙️  Executing script with 180s timeout...
2025-12-26 06:29:55 - lib.remediator - [33mWARNING[0m - ⚠️  Rule UBTU-24-90890: Remediation FAILED (exit code 127)
2025-12-26 06:29:55 - lib.remediator - [33mWARNING[0m -    Error: bash: C:UsersKhoa_LeDocumentsY4LTKBDAstig_automation./scripts/remediationUBTU-24-90890.sh: No such file or directory
2025-12-26 06:29:55 - lib.remediator - [32mINFO[0m - ================================================================================

2025-12-26 06:29:55 - lib.remediator - [32mINFO[0m - ⏳ Waiting 5s before retry...
2025-12-26 06:30:00 - lib.remediator - [32mINFO[0m - 🔄 Remediation attempt 3/3 for UBTU-24-90890
2025-12-26 06:30:00 - lib.remediator - [32mINFO[0m - 
================================================================================
2025-12-26 06:30:00 - lib.remediator - [32mINFO[0m - 🔧 REMEDIATING RULE: UBTU-24-90890
2025-12-26 06:30:00 - lib.remediator - [32mINFO[0m -    Title: System must use encryption to protect audit tools
2025-12-26 06:30:00 - lib.remediator - [32mINFO[0m -    Severity: high
2025-12-26 06:30:00 - lib.remediator - [32mINFO[0m -    Category: integrity
2025-12-26 06:30:00 - lib.remediator - [32mINFO[0m - ================================================================================
2025-12-26 06:30:00 - lib.remediator - [32mINFO[0m - ⚙️  Executing script with 180s timeout...
2025-12-26 06:30:01 - lib.remediator - [33mWARNING[0m - ⚠️  Rule UBTU-24-90890: Remediation FAILED (exit code 127)
2025-12-26 06:30:01 - lib.remediator - [33mWARNING[0m -    Error: bash: C:UsersKhoa_LeDocumentsY4LTKBDAstig_automation./scripts/remediationUBTU-24-90890.sh: No such file or directory
2025-12-26 06:30:01 - lib.remediator - [32mINFO[0m - ================================================================================

2025-12-26 06:30:03 - lib.remediator - [32mINFO[0m - 
[2/35] Processing rule: UBTU-24-100010
2025-12-26 06:30:03 - lib.remediator - [32mINFO[0m - 🔄 Remediation attempt 1/3 for UBTU-24-100010
2025-12-26 06:30:03 - lib.remediator - [32mINFO[0m - 
================================================================================
2025-12-26 06:30:03 - lib.remediator - [32mINFO[0m - 🔧 REMEDIATING RULE: UBTU-24-100010
2025-12-26 06:30:03 - lib.remediator - [32mINFO[0m -    Title: System must not have systemd-timesyncd package installed
2025-12-26 06:30:03 - lib.remediator - [32mINFO[0m -    Severity: high
2025-12-26 06:30:03 - lib.remediator - [32mINFO[0m -    Category: system_configuration
2025-12-26 06:30:03 - lib.remediator - [32mINFO[0m - ================================================================================
2025-12-26 06:30:03 - lib.remediator - [32mINFO[0m - ⚙️  Executing script with 180s timeout...
2025-12-26 06:30:03 - lib.remediator - [33mWARNING[0m - ⚠️  Rule UBTU-24-100010: Remediation FAILED (exit code 127)
2025-12-26 06:30:03 - lib.remediator - [33mWARNING[0m -    Error: bash: C:UsersKhoa_LeDocumentsY4LTKBDAstig_automation./scripts/remediationUBTU-24-100010.sh: No such file or directory
2025-12-26 06:30:03 - lib.remediator - [32mINFO[0m - ================================================================================

2025-12-26 06:30:03 - lib.remediator - [32mINFO[0m - ⏳ Waiting 5s before retry...
2025-12-26 06:30:08 - lib.remediator - [32mINFO[0m - 🔄 Remediation attempt 2/3 for UBTU-24-100010
2025-12-26 06:30:08 - lib.remediator - [32mINFO[0m - 
================================================================================
2025-12-26 06:30:08 - lib.remediator - [32mINFO[0m - 🔧 REMEDIATING RULE: UBTU-24-100010
2025-12-26 06:30:08 - lib.remediator - [32mINFO[0m -    Title: System must not have systemd-timesyncd package installed
2025-12-26 06:30:08 - lib.remediator - [32mINFO[0m -    Severity: high
2025-12-26 06:30:08 - lib.remediator - [32mINFO[0m -    Category: system_configuration
2025-12-26 06:30:08 - lib.remediator - [32mINFO[0m - ================================================================================
2025-12-26 06:30:08 - lib.remediator - [32mINFO[0m - ⚙️  Executing script with 180s timeout...
2025-12-26 06:30:09 - lib.remediator - [33mWARNING[0m - ⚠️  Rule UBTU-24-100010: Remediation FAILED (exit code 127)
2025-12-26 06:30:09 - lib.remediator - [33mWARNING[0m -    Error: bash: C:UsersKhoa_LeDocumentsY4LTKBDAstig_automation./scripts/remediationUBTU-24-100010.sh: No such file or directory
2025-12-26 06:30:09 - lib.remediator - [32mINFO[0m - ================================================================================

2025-12-26 06:30:09 - lib.remediator - [32mINFO[0m - ⏳ Waiting 5s before retry...
2025-12-26 06:30:14 - lib.remediator - [32mINFO[0m - 🔄 Remediation attempt 3/3 for UBTU-24-100010
2025-12-26 06:30:14 - lib.remediator - [32mINFO[0m - 
================================================================================
2025-12-26 06:30:14 - lib.remediator - [32mINFO[0m - 🔧 REMEDIATING RULE: UBTU-24-100010
2025-12-26 06:30:14 - lib.remediator - [32mINFO[0m -    Title: System must not have systemd-timesyncd package installed
2025-12-26 06:30:14 - lib.remediator - [32mINFO[0m -    Severity: high
2025-12-26 06:30:14 - lib.remediator - [32mINFO[0m -    Category: system_configuration
2025-12-26 06:30:14 - lib.remediator - [32mINFO[0m - ================================================================================
2025-12-26 06:30:14 - lib.remediator - [32mINFO[0m - ⚙️  Executing script with 180s timeout...
2025-12-26 06:30:15 - lib.remediator - [33mWARNING[0m - ⚠️  Rule UBTU-24-100010: Remediation FAILED (exit code 127)
2025-12-26 06:30:15 - lib.remediator - [33mWARNING[0m -    Error: bash: C:UsersKhoa_LeDocumentsY4LTKBDAstig_automation./scripts/remediationUBTU-24-100010.sh: No such file or directory
2025-12-26 06:30:15 - lib.remediator - [32mINFO[0m - ================================================================================

2025-12-26 06:30:17 - lib.remediator - [32mINFO[0m - 
[3/35] Processing rule: UBTU-24-100020
2025-12-26 06:30:17 - lib.remediator - [32mINFO[0m - 🔄 Remediation attempt 1/3 for UBTU-24-100020
2025-12-26 06:30:17 - lib.remediator - [32mINFO[0m - 
================================================================================
2025-12-26 06:30:17 - lib.remediator - [32mINFO[0m - 🔧 REMEDIATING RULE: UBTU-24-100020
2025-12-26 06:30:17 - lib.remediator - [32mINFO[0m -    Title: System must not have ntp package installed
2025-12-26 06:30:17 - lib.remediator - [32mINFO[0m -    Severity: high
2025-12-26 06:30:17 - lib.remediator - [32mINFO[0m -    Category: system_configuration
2025-12-26 06:30:17 - lib.remediator - [32mINFO[0m - ================================================================================
2025-12-26 06:30:17 - lib.remediator - [32mINFO[0m - ⚙️  Executing script with 180s timeout...
2025-12-26 06:30:17 - lib.remediator - [33mWARNING[0m - ⚠️  Rule UBTU-24-100020: Remediation FAILED (exit code 127)
2025-12-26 06:30:17 - lib.remediator - [33mWARNING[0m -    Error: bash: C:UsersKhoa_LeDocumentsY4LTKBDAstig_automation./scripts/remediationUBTU-24-100020.sh: No such file or directory
2025-12-26 06:30:17 - lib.remediator - [32mINFO[0m - ================================================================================

2025-12-26 06:30:17 - lib.remediator - [32mINFO[0m - ⏳ Waiting 5s before retry...
2025-12-26 06:30:22 - lib.remediator - [32mINFO[0m - 🔄 Remediation attempt 2/3 for UBTU-24-100020
2025-12-26 06:30:22 - lib.remediator - [32mINFO[0m - 
================================================================================
2025-12-26 06:30:22 - lib.remediator - [32mINFO[0m - 🔧 REMEDIATING RULE: UBTU-24-100020
2025-12-26 06:30:22 - lib.remediator - [32mINFO[0m -    Title: System must not have ntp package installed
2025-12-26 06:30:22 - lib.remediator - [32mINFO[0m -    Severity: high
2025-12-26 06:30:22 - lib.remediator - [32mINFO[0m -    Category: system_configuration
2025-12-26 06:30:22 - lib.remediator - [32mINFO[0m - ================================================================================
2025-12-26 06:30:22 - lib.remediator - [32mINFO[0m - ⚙️  Executing script with 180s timeout...
2025-12-26 06:30:23 - lib.remediator - [33mWARNING[0m - ⚠️  Rule UBTU-24-100020: Remediation FAILED (exit code 127)
2025-12-26 06:30:23 - lib.remediator - [33mWARNING[0m -    Error: bash: C:UsersKhoa_LeDocumentsY4LTKBDAstig_automation./scripts/remediationUBTU-24-100020.sh: No such file or directory
2025-12-26 06:30:23 - lib.remediator - [32mINFO[0m - ================================================================================

2025-12-26 06:30:23 - lib.remediator - [32mINFO[0m - ⏳ Waiting 5s before retry...
2025-12-26 06:30:23 - lib.executor - [32mINFO[0m - SSH connection closed
2025-12-26 06:30:23 - root - [33mWARNING[0m - 
⚠ Execution interrupted by user
2025-12-26 06:42:08 - root - [32mINFO[0m - ================================================================================
2025-12-26 06:42:08 - root - [32mINFO[0m - STIG Automation Tool - Ubuntu 24.04 LTS
2025-12-26 06:42:08 - root - [32mINFO[0m - ================================================================================
2025-12-26 06:42:08 - root - [32mINFO[0m - SSH Mode: ubuntu@35.169.107.173:22
2025-12-26 06:42:08 - root - [32mINFO[0m - Initializing command executor...
2025-12-26 06:42:09 - paramiko.transport - [32mINFO[0m - Connected (version 2.0, client OpenSSH_9.6p1)
2025-12-26 06:42:10 - paramiko.transport - [32mINFO[0m - Authentication (publickey) successful!
2025-12-26 06:42:10 - lib.executor - [32mINFO[0m - SSH connection established to 35.169.107.173
2025-12-26 06:42:11 - root - [32mINFO[0m - Target hostname: ip-172-31-8-148
2025-12-26 06:42:11 - root - [32mINFO[0m - 
2025-12-26 06:42:11 - root - [32mINFO[0m - ================================================================================
2025-12-26 06:42:11 - root - [32mINFO[0m - PHASE 1: Pre-Remediation Check
2025-12-26 06:42:11 - root - [32mINFO[0m - ================================================================================
2025-12-26 06:42:11 - lib.checker - [32mINFO[0m - Loaded 35 STIG rules
2025-12-26 06:42:11 - lib.checker - [32mINFO[0m - Starting checks for 35 rules
2025-12-26 06:42:11 - lib.checker - [32mINFO[0m - Checking rule: UBTU-24-90890
2025-12-26 06:42:12 - paramiko.transport.sftp - [32mINFO[0m - [chan 1] Opened sftp connection (server version 3)
2025-12-26 06:42:13 - paramiko.transport.sftp - [32mINFO[0m - [chan 1] sftp session closed.
2025-12-26 06:42:15 - lib.checker - [32mINFO[0m - Rule UBTU-24-90890: FAIL
2025-12-26 06:42:15 - lib.checker - [32mINFO[0m - Checking rule: UBTU-24-100010
2025-12-26 06:42:16 - paramiko.transport.sftp - [32mINFO[0m - [chan 4] Opened sftp connection (server version 3)
2025-12-26 06:42:17 - paramiko.transport.sftp - [32mINFO[0m - [chan 4] sftp session closed.
2025-12-26 06:42:19 - lib.checker - [32mINFO[0m - Rule UBTU-24-100010: PASS
2025-12-26 06:42:19 - lib.checker - [32mINFO[0m - Checking rule: UBTU-24-100020
2025-12-26 06:42:20 - paramiko.transport.sftp - [32mINFO[0m - [chan 7] Opened sftp connection (server version 3)
2025-12-26 06:42:21 - paramiko.transport.sftp - [32mINFO[0m - [chan 7] sftp session closed.
2025-12-26 06:42:23 - lib.checker - [32mINFO[0m - Rule UBTU-24-100020: PASS
2025-12-26 06:42:23 - lib.checker - [32mINFO[0m - Checking rule: UBTU-24-100030
2025-12-26 06:42:24 - paramiko.transport.sftp - [32mINFO[0m - [chan 10] Opened sftp connection (server version 3)
2025-12-26 06:42:26 - paramiko.transport.sftp - [32mINFO[0m - [chan 10] sftp session closed.
2025-12-26 06:42:27 - lib.checker - [32mINFO[0m - Rule UBTU-24-100030: PASS
2025-12-26 06:42:27 - lib.checker - [32mINFO[0m - Checking rule: UBTU-24-100040
2025-12-26 06:42:28 - paramiko.transport.sftp - [32mINFO[0m - [chan 13] Opened sftp connection (server version 3)
2025-12-26 06:42:30 - paramiko.transport.sftp - [32mINFO[0m - [chan 13] sftp session closed.
2025-12-26 06:42:31 - lib.checker - [32mINFO[0m - Rule UBTU-24-100040: PASS
2025-12-26 06:42:31 - lib.checker - [32mINFO[0m - Checking rule: UBTU-24-100100
2025-12-26 06:42:33 - paramiko.transport.sftp - [32mINFO[0m - [chan 16] Opened sftp connection (server version 3)
2025-12-26 06:42:34 - paramiko.transport.sftp - [32mINFO[0m - [chan 16] sftp session closed.
2025-12-26 06:42:35 - lib.checker - [32mINFO[0m - Rule UBTU-24-100100: FAIL
2025-12-26 06:42:35 - lib.checker - [32mINFO[0m - Checking rule: UBTU-24-100110
2025-12-26 06:42:37 - paramiko.transport.sftp - [32mINFO[0m - [chan 19] Opened sftp connection (server version 3)
2025-12-26 06:42:38 - paramiko.transport.sftp - [32mINFO[0m - [chan 19] sftp session closed.
2025-12-26 06:42:39 - lib.checker - [32mINFO[0m - Rule UBTU-24-100110: FAIL
2025-12-26 06:42:39 - lib.checker - [32mINFO[0m - Checking rule: UBTU-24-100120
2025-12-26 06:42:41 - paramiko.transport.sftp - [32mINFO[0m - [chan 22] Opened sftp connection (server version 3)
2025-12-26 06:42:42 - paramiko.transport.sftp - [32mINFO[0m - [chan 22] sftp session closed.
2025-12-26 06:42:43 - lib.checker - [32mINFO[0m - Rule UBTU-24-100120: FAIL
2025-12-26 06:42:43 - lib.checker - [32mINFO[0m - Checking rule: UBTU-24-100130
2025-12-26 06:42:45 - paramiko.transport.sftp - [32mINFO[0m - [chan 25] Opened sftp connection (server version 3)
2025-12-26 06:42:46 - paramiko.transport.sftp - [32mINFO[0m - [chan 25] sftp session closed.
2025-12-26 06:42:48 - lib.checker - [32mINFO[0m - Rule UBTU-24-100130: FAIL
2025-12-26 06:42:48 - lib.checker - [32mINFO[0m - Checking rule: UBTU-24-100200
2025-12-26 06:42:49 - paramiko.transport.sftp - [32mINFO[0m - [chan 28] Opened sftp connection (server version 3)
2025-12-26 06:42:50 - paramiko.transport.sftp - [32mINFO[0m - [chan 28] sftp session closed.
2025-12-26 06:42:52 - lib.checker - [32mINFO[0m - Rule UBTU-24-100200: PASS
2025-12-26 06:42:52 - lib.checker - [32mINFO[0m - Checking rule: UBTU-24-100300
2025-12-26 06:42:53 - paramiko.transport.sftp - [32mINFO[0m - [chan 31] Opened sftp connection (server version 3)
2025-12-26 06:42:54 - paramiko.transport.sftp - [32mINFO[0m - [chan 31] sftp session closed.
2025-12-26 06:42:56 - lib.checker - [32mINFO[0m - Rule UBTU-24-100300: PASS
2025-12-26 06:42:56 - lib.checker - [32mINFO[0m - Checking rule: UBTU-24-100310
2025-12-26 06:42:57 - paramiko.transport.sftp - [32mINFO[0m - [chan 34] Opened sftp connection (server version 3)
2025-12-26 06:42:58 - paramiko.transport.sftp - [32mINFO[0m - [chan 34] sftp session closed.
2025-12-26 06:43:00 - lib.checker - [32mINFO[0m - Rule UBTU-24-100310: FAIL
2025-12-26 06:43:00 - lib.checker - [32mINFO[0m - Checking rule: UBTU-24-100400
2025-12-26 06:43:01 - paramiko.transport.sftp - [32mINFO[0m - [chan 37] Opened sftp connection (server version 3)
2025-12-26 06:43:02 - paramiko.transport.sftp - [32mINFO[0m - [chan 37] sftp session closed.
2025-12-26 06:43:04 - lib.checker - [32mINFO[0m - Rule UBTU-24-100400: FAIL
2025-12-26 06:43:04 - lib.checker - [32mINFO[0m - Checking rule: UBTU-24-100410
2025-12-26 06:43:05 - paramiko.transport.sftp - [32mINFO[0m - [chan 40] Opened sftp connection (server version 3)
2025-12-26 06:43:06 - paramiko.transport.sftp - [32mINFO[0m - [chan 40] sftp session closed.
2025-12-26 06:43:08 - lib.checker - [32mINFO[0m - Rule UBTU-24-100410: FAIL
2025-12-26 06:43:08 - lib.checker - [32mINFO[0m - Checking rule: UBTU-24-100450
2025-12-26 06:43:09 - paramiko.transport.sftp - [32mINFO[0m - [chan 43] Opened sftp connection (server version 3)
2025-12-26 06:43:11 - paramiko.transport.sftp - [32mINFO[0m - [chan 43] sftp session closed.
2025-12-26 06:43:12 - lib.checker - [32mINFO[0m - Rule UBTU-24-100450: FAIL
2025-12-26 06:43:12 - lib.checker - [32mINFO[0m - Checking rule: UBTU-24-100500
2025-12-26 06:43:13 - paramiko.transport.sftp - [32mINFO[0m - [chan 46] Opened sftp connection (server version 3)
2025-12-26 06:43:15 - paramiko.transport.sftp - [32mINFO[0m - [chan 46] sftp session closed.
2025-12-26 06:43:16 - lib.checker - [32mINFO[0m - Rule UBTU-24-100500: PASS
2025-12-26 06:43:16 - lib.checker - [32mINFO[0m - Checking rule: UBTU-24-100510
2025-12-26 06:43:18 - paramiko.transport.sftp - [32mINFO[0m - [chan 49] Opened sftp connection (server version 3)
2025-12-26 06:43:19 - paramiko.transport.sftp - [32mINFO[0m - [chan 49] sftp session closed.
2025-12-26 06:43:20 - lib.checker - [32mINFO[0m - Rule UBTU-24-100510: PASS
2025-12-26 06:43:20 - lib.checker - [32mINFO[0m - Checking rule: UBTU-24-100600
2025-12-26 06:43:22 - paramiko.transport.sftp - [32mINFO[0m - [chan 52] Opened sftp connection (server version 3)
2025-12-26 06:43:23 - paramiko.transport.sftp - [32mINFO[0m - [chan 52] sftp session closed.
2025-12-26 06:43:24 - lib.checker - [32mINFO[0m - Rule UBTU-24-100600: FAIL
2025-12-26 06:43:24 - lib.checker - [32mINFO[0m - Checking rule: UBTU-24-100650
2025-12-26 06:43:26 - paramiko.transport.sftp - [32mINFO[0m - [chan 55] Opened sftp connection (server version 3)
2025-12-26 06:43:27 - paramiko.transport.sftp - [32mINFO[0m - [chan 55] sftp session closed.
2025-12-26 06:43:29 - lib.checker - [32mINFO[0m - Rule UBTU-24-100650: FAIL
2025-12-26 06:43:29 - lib.checker - [32mINFO[0m - Checking rule: UBTU-24-100660
2025-12-26 06:43:30 - paramiko.transport.sftp - [32mINFO[0m - [chan 58] Opened sftp connection (server version 3)
2025-12-26 06:43:32 - paramiko.transport.sftp - [32mINFO[0m - [chan 58] sftp session closed.
2025-12-26 06:43:34 - lib.checker - [32mINFO[0m - Rule UBTU-24-100660: FAIL
2025-12-26 06:43:34 - lib.checker - [32mINFO[0m - Checking rule: UBTU-24-100700
2025-12-26 06:43:35 - paramiko.transport.sftp - [32mINFO[0m - [chan 61] Opened sftp connection (server version 3)
2025-12-26 06:43:36 - paramiko.transport.sftp - [32mINFO[0m - [chan 61] sftp session closed.
2025-12-26 06:43:38 - lib.checker - [32mINFO[0m - Rule UBTU-24-100700: PASS
2025-12-26 06:43:38 - lib.checker - [32mINFO[0m - Checking rule: UBTU-24-100800
2025-12-26 06:43:40 - paramiko.transport.sftp - [32mINFO[0m - [chan 64] Opened sftp connection (server version 3)
2025-12-26 06:43:41 - paramiko.transport.sftp - [32mINFO[0m - [chan 64] sftp session closed.
2025-12-26 06:43:43 - lib.checker - [32mINFO[0m - Rule UBTU-24-100800: PASS
2025-12-26 06:43:43 - lib.checker - [32mINFO[0m - Checking rule: UBTU-24-100810
2025-12-26 06:43:44 - paramiko.transport.sftp - [32mINFO[0m - [chan 67] Opened sftp connection (server version 3)
2025-12-26 06:43:47 - paramiko.transport.sftp - [32mINFO[0m - [chan 67] sftp session closed.
2025-12-26 06:43:50 - lib.checker - [32mINFO[0m - Rule UBTU-24-100810: FAIL
2025-12-26 06:43:50 - lib.checker - [32mINFO[0m - Checking rule: UBTU-24-100820
2025-12-26 06:43:51 - paramiko.transport.sftp - [32mINFO[0m - [chan 70] Opened sftp connection (server version 3)
2025-12-26 06:43:53 - paramiko.transport.sftp - [32mINFO[0m - [chan 70] sftp session closed.
2025-12-26 06:43:56 - lib.checker - [32mINFO[0m - Rule UBTU-24-100820: FAIL
2025-12-26 06:43:56 - lib.checker - [32mINFO[0m - Checking rule: UBTU-24-100830
2025-12-26 06:43:57 - paramiko.transport.sftp - [32mINFO[0m - [chan 73] Opened sftp connection (server version 3)
2025-12-26 06:43:58 - paramiko.transport.sftp - [32mINFO[0m - [chan 73] sftp session closed.
2025-12-26 06:44:00 - lib.checker - [32mINFO[0m - Rule UBTU-24-100830: FAIL
2025-12-26 06:44:00 - lib.checker - [32mINFO[0m - Checking rule: UBTU-24-100840
2025-12-26 06:44:01 - paramiko.transport.sftp - [32mINFO[0m - [chan 76] Opened sftp connection (server version 3)
2025-12-26 06:44:03 - paramiko.transport.sftp - [32mINFO[0m - [chan 76] sftp session closed.
2025-12-26 06:44:05 - lib.checker - [32mINFO[0m - Rule UBTU-24-100840: FAIL
2025-12-26 06:44:05 - lib.checker - [32mINFO[0m - Checking rule: UBTU-24-100900
2025-12-26 06:44:06 - paramiko.transport.sftp - [32mINFO[0m - [chan 79] Opened sftp connection (server version 3)
2025-12-26 06:44:07 - paramiko.transport.sftp - [32mINFO[0m - [chan 79] sftp session closed.
2025-12-26 06:44:09 - lib.checker - [32mINFO[0m - Rule UBTU-24-100900: FAIL
2025-12-26 06:44:09 - lib.checker - [32mINFO[0m - Checking rule: UBTU-24-102000
2025-12-26 06:44:10 - paramiko.transport.sftp - [32mINFO[0m - [chan 82] Opened sftp connection (server version 3)
2025-12-26 06:44:12 - paramiko.transport.sftp - [32mINFO[0m - [chan 82] sftp session closed.
2025-12-26 06:44:14 - lib.checker - [32mINFO[0m - Rule UBTU-24-102000: FAIL
2025-12-26 06:44:14 - lib.checker - [32mINFO[0m - Checking rule: UBTU-24-200060
2025-12-26 06:44:16 - paramiko.transport.sftp - [32mINFO[0m - [chan 85] Opened sftp connection (server version 3)
2025-12-26 06:44:17 - paramiko.transport.sftp - [32mINFO[0m - [chan 85] sftp session closed.
2025-12-26 06:44:19 - lib.checker - [32mINFO[0m - Rule UBTU-24-200060: FAIL
2025-12-26 06:44:19 - lib.checker - [32mINFO[0m - Checking rule: UBTU-24-200250
2025-12-26 06:44:20 - paramiko.transport.sftp - [32mINFO[0m - [chan 88] Opened sftp connection (server version 3)
2025-12-26 06:44:22 - paramiko.transport.sftp - [32mINFO[0m - [chan 88] sftp session closed.
2025-12-26 06:44:24 - lib.checker - [32mINFO[0m - Rule UBTU-24-200250: PASS
2025-12-26 06:44:24 - lib.checker - [32mINFO[0m - Checking rule: UBTU-24-200260
2025-12-26 06:44:25 - paramiko.transport.sftp - [32mINFO[0m - [chan 91] Opened sftp connection (server version 3)
2025-12-26 06:44:27 - paramiko.transport.sftp - [32mINFO[0m - [chan 91] sftp session closed.
2025-12-26 06:44:28 - lib.checker - [32mINFO[0m - Rule UBTU-24-200260: FAIL
2025-12-26 06:44:28 - lib.checker - [32mINFO[0m - Checking rule: UBTU-24-200000
2025-12-26 06:44:30 - paramiko.transport.sftp - [32mINFO[0m - [chan 94] Opened sftp connection (server version 3)
2025-12-26 06:44:31 - paramiko.transport.sftp - [32mINFO[0m - [chan 94] sftp session closed.
2025-12-26 06:44:33 - lib.checker - [32mINFO[0m - Rule UBTU-24-200000: FAIL
2025-12-26 06:44:33 - lib.checker - [32mINFO[0m - Checking rule: UBTU-24-300001
2025-12-26 06:44:34 - paramiko.transport.sftp - [32mINFO[0m - [chan 97] Opened sftp connection (server version 3)
2025-12-26 06:44:35 - paramiko.transport.sftp - [32mINFO[0m - [chan 97] sftp session closed.
2025-12-26 06:44:37 - lib.checker - [32mINFO[0m - Rule UBTU-24-300001: PASS
2025-12-26 06:44:37 - lib.checker - [32mINFO[0m - Checking rule: UBTU-24-300017
2025-12-26 06:44:38 - paramiko.transport.sftp - [32mINFO[0m - [chan 100] Opened sftp connection (server version 3)
2025-12-26 06:44:39 - paramiko.transport.sftp - [32mINFO[0m - [chan 100] sftp session closed.
2025-12-26 06:44:41 - lib.checker - [32mINFO[0m - Rule UBTU-24-300017: FAIL
2025-12-26 06:44:41 - lib.checker - [32mINFO[0m - Checking rule: UBTU-24-400340
2025-12-26 06:44:42 - paramiko.transport.sftp - [32mINFO[0m - [chan 103] Opened sftp connection (server version 3)
2025-12-26 06:44:44 - paramiko.transport.sftp - [32mINFO[0m - [chan 103] sftp session closed.
2025-12-26 06:44:46 - lib.checker - [32mINFO[0m - Rule UBTU-24-400340: FAIL
2025-12-26 06:44:46 - lib.checker - [32mINFO[0m - Check completed: 12 PASS, 23 FAIL, 0 ERROR
2025-12-26 06:44:46 - root - [32mINFO[0m - Pre-check Summary: 12 PASS, 23 FAIL, 0 ERROR
2025-12-26 06:44:46 - root - [32mINFO[0m - Initial Compliance Rate: 34.29%
2025-12-26 06:44:46 - root - [32mINFO[0m - 
2025-12-26 06:44:46 - root - [32mINFO[0m - ================================================================================
2025-12-26 06:44:46 - root - [32mINFO[0m - PHASE 2: Auto Remediation
2025-12-26 06:44:46 - root - [32mINFO[0m - ================================================================================
2025-12-26 06:44:46 - root - [32mINFO[0m - Found 23 failed checks
2025-12-26 06:44:46 - lib.remediator - [32mINFO[0m - Loaded 35 STIG rules for remediation
2025-12-26 06:44:46 - lib.remediator - [32mINFO[0m - 
🚀 Starting remediation for 23 failed rules
2025-12-26 06:44:46 - lib.remediator - [32mINFO[0m -    Max retry attempts: 3
2025-12-26 06:44:46 - lib.remediator - [32mINFO[0m -    Failed rules: UBTU-24-90890, UBTU-24-100100, UBTU-24-100110, UBTU-24-100120, UBTU-24-100130, UBTU-24-100310, UBTU-24-100400, UBTU-24-100410, UBTU-24-100450, UBTU-24-100600, UBTU-24-100650, UBTU-24-100660, UBTU-24-100810, UBTU-24-100820, UBTU-24-100830, UBTU-24-100840, UBTU-24-100900, UBTU-24-102000, UBTU-24-200060, UBTU-24-200260, UBTU-24-200000, UBTU-24-300017, UBTU-24-400340

2025-12-26 06:44:46 - lib.remediator - [32mINFO[0m - 
[1/23] Processing rule: UBTU-24-90890
2025-12-26 06:44:46 - lib.remediator - [32mINFO[0m - 🔄 Remediation attempt 1/3 for UBTU-24-90890
2025-12-26 06:44:46 - lib.remediator - [32mINFO[0m - 
================================================================================
2025-12-26 06:44:46 - lib.remediator - [32mINFO[0m - 🔧 REMEDIATING RULE: UBTU-24-90890
2025-12-26 06:44:46 - lib.remediator - [32mINFO[0m -    Title: System must use encryption to protect audit tools
2025-12-26 06:44:46 - lib.remediator - [32mINFO[0m -    Severity: high
2025-12-26 06:44:46 - lib.remediator - [32mINFO[0m -    Category: integrity
2025-12-26 06:44:46 - lib.remediator - [32mINFO[0m - ================================================================================
2025-12-26 06:44:46 - lib.remediator - [32mINFO[0m - ⚙️  Executing script with 180s timeout...
2025-12-26 06:44:47 - paramiko.transport.sftp - [32mINFO[0m - [chan 106] Opened sftp connection (server version 3)
2025-12-26 06:44:48 - paramiko.transport.sftp - [32mINFO[0m - [chan 106] sftp session closed.
2025-12-26 06:44:50 - lib.remediator - [32mINFO[0m - ✅ Rule UBTU-24-90890: Remediation SUCCESS
2025-12-26 06:44:50 - lib.remediator - [32mINFO[0m - ================================================================================

2025-12-26 06:44:52 - lib.remediator - [32mINFO[0m - 
[2/23] Processing rule: UBTU-24-100100
2025-12-26 06:44:52 - lib.remediator - [32mINFO[0m - 🔄 Remediation attempt 1/3 for UBTU-24-100100
2025-12-26 06:44:52 - lib.remediator - [32mINFO[0m - 
================================================================================
2025-12-26 06:44:52 - lib.remediator - [32mINFO[0m - 🔧 REMEDIATING RULE: UBTU-24-100100
2025-12-26 06:44:52 - lib.remediator - [32mINFO[0m -    Title: OS must install AIDE for integrity checking
2025-12-26 06:44:52 - lib.remediator - [32mINFO[0m -    Severity: high
2025-12-26 06:44:52 - lib.remediator - [32mINFO[0m -    Category: integrity
2025-12-26 06:44:52 - lib.remediator - [32mINFO[0m - ================================================================================
2025-12-26 06:44:52 - lib.remediator - [32mINFO[0m - ⚙️  Executing script with 180s timeout...
2025-12-26 06:44:53 - paramiko.transport.sftp - [32mINFO[0m - [chan 109] Opened sftp connection (server version 3)
2025-12-26 06:44:54 - paramiko.transport.sftp - [32mINFO[0m - [chan 109] sftp session closed.
2025-12-26 06:44:56 - lib.remediator - [33mWARNING[0m - ⚠️  Rule UBTU-24-100100: Remediation FAILED (exit code 1)
2025-12-26 06:44:56 - lib.remediator - [32mINFO[0m - ================================================================================

2025-12-26 06:44:56 - lib.remediator - [32mINFO[0m - ⏳ Waiting 5s before retry...
2025-12-26 06:45:01 - lib.remediator - [32mINFO[0m - 🔄 Remediation attempt 2/3 for UBTU-24-100100
2025-12-26 06:45:01 - lib.remediator - [32mINFO[0m - 
================================================================================
2025-12-26 06:45:01 - lib.remediator - [32mINFO[0m - 🔧 REMEDIATING RULE: UBTU-24-100100
2025-12-26 06:45:01 - lib.remediator - [32mINFO[0m -    Title: OS must install AIDE for integrity checking
2025-12-26 06:45:01 - lib.remediator - [32mINFO[0m -    Severity: high
2025-12-26 06:45:01 - lib.remediator - [32mINFO[0m -    Category: integrity
2025-12-26 06:45:01 - lib.remediator - [32mINFO[0m - ================================================================================
2025-12-26 06:45:01 - lib.remediator - [32mINFO[0m - ⚙️  Executing script with 180s timeout...
2025-12-26 06:45:02 - paramiko.transport.sftp - [32mINFO[0m - [chan 112] Opened sftp connection (server version 3)
2025-12-26 06:45:03 - paramiko.transport.sftp - [32mINFO[0m - [chan 112] sftp session closed.
2025-12-26 06:45:05 - lib.remediator - [33mWARNING[0m - ⚠️  Rule UBTU-24-100100: Remediation FAILED (exit code 1)
2025-12-26 06:45:05 - lib.remediator - [32mINFO[0m - ================================================================================

2025-12-26 06:45:05 - lib.remediator - [32mINFO[0m - ⏳ Waiting 5s before retry...
2025-12-26 06:45:10 - lib.remediator - [32mINFO[0m - 🔄 Remediation attempt 3/3 for UBTU-24-100100
2025-12-26 06:45:10 - lib.remediator - [32mINFO[0m - 
================================================================================
2025-12-26 06:45:10 - lib.remediator - [32mINFO[0m - 🔧 REMEDIATING RULE: UBTU-24-100100
2025-12-26 06:45:10 - lib.remediator - [32mINFO[0m -    Title: OS must install AIDE for integrity checking
2025-12-26 06:45:10 - lib.remediator - [32mINFO[0m -    Severity: high
2025-12-26 06:45:10 - lib.remediator - [32mINFO[0m -    Category: integrity
2025-12-26 06:45:10 - lib.remediator - [32mINFO[0m - ================================================================================
2025-12-26 06:45:10 - lib.remediator - [32mINFO[0m - ⚙️  Executing script with 180s timeout...
2025-12-26 06:45:11 - paramiko.transport.sftp - [32mINFO[0m - [chan 115] Opened sftp connection (server version 3)
2025-12-26 06:45:12 - paramiko.transport.sftp - [32mINFO[0m - [chan 115] sftp session closed.
2025-12-26 06:45:14 - lib.remediator - [33mWARNING[0m - ⚠️  Rule UBTU-24-100100: Remediation FAILED (exit code 1)
2025-12-26 06:45:14 - lib.remediator - [32mINFO[0m - ================================================================================

2025-12-26 06:45:16 - lib.remediator - [32mINFO[0m - 
[3/23] Processing rule: UBTU-24-100110
2025-12-26 06:45:16 - lib.remediator - [32mINFO[0m - 🔄 Remediation attempt 1/3 for UBTU-24-100110
2025-12-26 06:45:16 - lib.remediator - [32mINFO[0m - 
================================================================================
2025-12-26 06:45:16 - lib.remediator - [32mINFO[0m - 🔧 REMEDIATING RULE: UBTU-24-100110
2025-12-26 06:45:16 - lib.remediator - [32mINFO[0m -    Title: Configure AIDE to perform integrity checks
2025-12-26 06:45:16 - lib.remediator - [32mINFO[0m -    Severity: high
2025-12-26 06:45:16 - lib.remediator - [32mINFO[0m -    Category: integrity
2025-12-26 06:45:16 - lib.remediator - [32mINFO[0m - ================================================================================
2025-12-26 06:45:16 - lib.remediator - [32mINFO[0m - ⚙️  Executing script with 180s timeout...
2025-12-26 06:45:17 - paramiko.transport.sftp - [32mINFO[0m - [chan 118] Opened sftp connection (server version 3)
2025-12-26 06:45:18 - paramiko.transport.sftp - [32mINFO[0m - [chan 118] sftp session closed.
2025-12-26 06:45:20 - lib.remediator - [33mWARNING[0m - ⚠️  Rule UBTU-24-100110: Remediation FAILED (exit code 1)
2025-12-26 06:45:20 - lib.remediator - [32mINFO[0m - ================================================================================

2025-12-26 06:45:20 - lib.remediator - [32mINFO[0m - ⏳ Waiting 5s before retry...
2025-12-26 06:45:25 - lib.remediator - [32mINFO[0m - 🔄 Remediation attempt 2/3 for UBTU-24-100110
2025-12-26 06:45:25 - lib.remediator - [32mINFO[0m - 
================================================================================
2025-12-26 06:45:25 - lib.remediator - [32mINFO[0m - 🔧 REMEDIATING RULE: UBTU-24-100110
2025-12-26 06:45:25 - lib.remediator - [32mINFO[0m -    Title: Configure AIDE to perform integrity checks
2025-12-26 06:45:25 - lib.remediator - [32mINFO[0m -    Severity: high
2025-12-26 06:45:25 - lib.remediator - [32mINFO[0m -    Category: integrity
2025-12-26 06:45:25 - lib.remediator - [32mINFO[0m - ================================================================================
2025-12-26 06:45:25 - lib.remediator - [32mINFO[0m - ⚙️  Executing script with 180s timeout...
2025-12-26 06:45:26 - paramiko.transport.sftp - [32mINFO[0m - [chan 121] Opened sftp connection (server version 3)
2025-12-26 06:45:27 - paramiko.transport.sftp - [32mINFO[0m - [chan 121] sftp session closed.
2025-12-26 06:45:29 - lib.remediator - [33mWARNING[0m - ⚠️  Rule UBTU-24-100110: Remediation FAILED (exit code 1)
2025-12-26 06:45:29 - lib.remediator - [32mINFO[0m - ================================================================================

2025-12-26 06:45:29 - lib.remediator - [32mINFO[0m - ⏳ Waiting 5s before retry...
2025-12-26 06:45:34 - lib.remediator - [32mINFO[0m - 🔄 Remediation attempt 3/3 for UBTU-24-100110
2025-12-26 06:45:34 - lib.remediator - [32mINFO[0m - 
================================================================================
2025-12-26 06:45:34 - lib.remediator - [32mINFO[0m - 🔧 REMEDIATING RULE: UBTU-24-100110
2025-12-26 06:45:34 - lib.remediator - [32mINFO[0m -    Title: Configure AIDE to perform integrity checks
2025-12-26 06:45:34 - lib.remediator - [32mINFO[0m -    Severity: high
2025-12-26 06:45:34 - lib.remediator - [32mINFO[0m -    Category: integrity
2025-12-26 06:45:34 - lib.remediator - [32mINFO[0m - ================================================================================
2025-12-26 06:45:34 - lib.remediator - [32mINFO[0m - ⚙️  Executing script with 180s timeout...
2025-12-26 06:45:35 - paramiko.transport.sftp - [32mINFO[0m - [chan 124] Opened sftp connection (server version 3)
2025-12-26 06:45:36 - paramiko.transport.sftp - [32mINFO[0m - [chan 124] sftp session closed.
2025-12-26 06:45:38 - lib.remediator - [33mWARNING[0m - ⚠️  Rule UBTU-24-100110: Remediation FAILED (exit code 1)
2025-12-26 06:45:38 - lib.remediator - [32mINFO[0m - ================================================================================

2025-12-26 06:45:40 - lib.remediator - [32mINFO[0m - 
[4/23] Processing rule: UBTU-24-100120
2025-12-26 06:45:40 - lib.remediator - [32mINFO[0m - 🔄 Remediation attempt 1/3 for UBTU-24-100120
2025-12-26 06:45:40 - lib.remediator - [32mINFO[0m - 
================================================================================
2025-12-26 06:45:40 - lib.remediator - [32mINFO[0m - 🔧 REMEDIATING RULE: UBTU-24-100120
2025-12-26 06:45:40 - lib.remediator - [32mINFO[0m -    Title: AIDE must use default script to run periodically
2025-12-26 06:45:40 - lib.remediator - [32mINFO[0m -    Severity: medium
2025-12-26 06:45:40 - lib.remediator - [32mINFO[0m -    Category: integrity
2025-12-26 06:45:40 - lib.remediator - [32mINFO[0m - ================================================================================
2025-12-26 06:45:40 - lib.remediator - [32mINFO[0m - ⚙️  Executing script with 180s timeout...
2025-12-26 06:45:41 - paramiko.transport.sftp - [32mINFO[0m - [chan 127] Opened sftp connection (server version 3)
2025-12-26 06:45:42 - paramiko.transport.sftp - [32mINFO[0m - [chan 127] sftp session closed.
2025-12-26 06:45:44 - lib.remediator - [32mINFO[0m - ✅ Rule UBTU-24-100120: Remediation SUCCESS
2025-12-26 06:45:44 - lib.remediator - [32mINFO[0m - ================================================================================

2025-12-26 06:45:46 - lib.remediator - [32mINFO[0m - 
[5/23] Processing rule: UBTU-24-100130
2025-12-26 06:45:46 - lib.remediator - [32mINFO[0m - 🔄 Remediation attempt 1/3 for UBTU-24-100130
2025-12-26 06:45:46 - lib.remediator - [32mINFO[0m - 
================================================================================
2025-12-26 06:45:46 - lib.remediator - [32mINFO[0m - 🔧 REMEDIATING RULE: UBTU-24-100130
2025-12-26 06:45:46 - lib.remediator - [32mINFO[0m -    Title: AIDE must send alerts when baseline is changed
2025-12-26 06:45:46 - lib.remediator - [32mINFO[0m -    Severity: medium
2025-12-26 06:45:46 - lib.remediator - [32mINFO[0m -    Category: integrity
2025-12-26 06:45:46 - lib.remediator - [32mINFO[0m - ================================================================================
2025-12-26 06:45:46 - lib.remediator - [32mINFO[0m - ⚙️  Executing script with 180s timeout...
2025-12-26 06:45:47 - paramiko.transport.sftp - [32mINFO[0m - [chan 130] Opened sftp connection (server version 3)
2025-12-26 06:45:48 - paramiko.transport.sftp - [32mINFO[0m - [chan 130] sftp session closed.
2025-12-26 06:45:49 - lib.remediator - [33mWARNING[0m - ⚠️  Rule UBTU-24-100130: Remediation FAILED (exit code 1)
2025-12-26 06:45:49 - lib.remediator - [32mINFO[0m - ================================================================================

2025-12-26 06:45:49 - lib.remediator - [32mINFO[0m - ⏳ Waiting 5s before retry...
2025-12-26 06:45:54 - lib.remediator - [32mINFO[0m - 🔄 Remediation attempt 2/3 for UBTU-24-100130
2025-12-26 06:45:54 - lib.remediator - [32mINFO[0m - 
================================================================================
2025-12-26 06:45:54 - lib.remediator - [32mINFO[0m - 🔧 REMEDIATING RULE: UBTU-24-100130
2025-12-26 06:45:54 - lib.remediator - [32mINFO[0m -    Title: AIDE must send alerts when baseline is changed
2025-12-26 06:45:54 - lib.remediator - [32mINFO[0m -    Severity: medium
2025-12-26 06:45:54 - lib.remediator - [32mINFO[0m -    Category: integrity
2025-12-26 06:45:54 - lib.remediator - [32mINFO[0m - ================================================================================
2025-12-26 06:45:54 - lib.remediator - [32mINFO[0m - ⚙️  Executing script with 180s timeout...
2025-12-26 06:45:55 - paramiko.transport.sftp - [32mINFO[0m - [chan 133] Opened sftp connection (server version 3)
2025-12-26 06:45:57 - paramiko.transport.sftp - [32mINFO[0m - [chan 133] sftp session closed.
2025-12-26 06:45:58 - lib.remediator - [33mWARNING[0m - ⚠️  Rule UBTU-24-100130: Remediation FAILED (exit code 1)
2025-12-26 06:45:58 - lib.remediator - [32mINFO[0m - ================================================================================

2025-12-26 06:45:58 - lib.remediator - [32mINFO[0m - ⏳ Waiting 5s before retry...
2025-12-26 06:46:03 - lib.remediator - [32mINFO[0m - 🔄 Remediation attempt 3/3 for UBTU-24-100130
2025-12-26 06:46:03 - lib.remediator - [32mINFO[0m - 
================================================================================
2025-12-26 06:46:03 - lib.remediator - [32mINFO[0m - 🔧 REMEDIATING RULE: UBTU-24-100130
2025-12-26 06:46:03 - lib.remediator - [32mINFO[0m -    Title: AIDE must send alerts when baseline is changed
2025-12-26 06:46:03 - lib.remediator - [32mINFO[0m -    Severity: medium
2025-12-26 06:46:03 - lib.remediator - [32mINFO[0m -    Category: integrity
2025-12-26 06:46:03 - lib.remediator - [32mINFO[0m - ================================================================================
2025-12-26 06:46:03 - lib.remediator - [32mINFO[0m - ⚙️  Executing script with 180s timeout...
2025-12-26 06:46:04 - paramiko.transport.sftp - [32mINFO[0m - [chan 136] Opened sftp connection (server version 3)
2025-12-26 06:46:05 - paramiko.transport.sftp - [32mINFO[0m - [chan 136] sftp session closed.
2025-12-26 06:46:07 - lib.remediator - [33mWARNING[0m - ⚠️  Rule UBTU-24-100130: Remediation FAILED (exit code 1)
2025-12-26 06:46:07 - lib.remediator - [32mINFO[0m - ================================================================================

2025-12-26 06:46:09 - lib.remediator - [32mINFO[0m - 
[6/23] Processing rule: UBTU-24-100310
2025-12-26 06:46:09 - lib.remediator - [32mINFO[0m - 🔄 Remediation attempt 1/3 for UBTU-24-100310
2025-12-26 06:46:09 - lib.remediator - [32mINFO[0m - 
================================================================================
2025-12-26 06:46:09 - lib.remediator - [32mINFO[0m - 🔧 REMEDIATING RULE: UBTU-24-100310
2025-12-26 06:46:09 - lib.remediator - [32mINFO[0m -    Title: Uncomplicated Firewall (UFW) must be in active state
2025-12-26 06:46:09 - lib.remediator - [32mINFO[0m -    Severity: high
2025-12-26 06:46:09 - lib.remediator - [32mINFO[0m -    Category: network_security
2025-12-26 06:46:09 - lib.remediator - [32mINFO[0m - ================================================================================
2025-12-26 06:46:09 - lib.remediator - [32mINFO[0m - ⚙️  Executing script with 180s timeout...
2025-12-26 06:46:10 - paramiko.transport.sftp - [32mINFO[0m - [chan 139] Opened sftp connection (server version 3)
2025-12-26 06:46:11 - paramiko.transport.sftp - [32mINFO[0m - [chan 139] sftp session closed.
2025-12-26 06:46:11 - lib.executor - [32mINFO[0m - SSH connection closed
2025-12-26 06:46:11 - root - [33mWARNING[0m - 
⚠ Execution interrupted by user
2025-12-26 06:47:09 - root - [32mINFO[0m - ================================================================================
2025-12-26 06:47:09 - root - [32mINFO[0m - STIG Automation Tool - Ubuntu 24.04 LTS
2025-12-26 06:47:09 - root - [32mINFO[0m - ================================================================================
2025-12-26 06:47:09 - root - [32mINFO[0m - SSH Mode: ubuntu@35.169.107.173:22
2025-12-26 06:47:09 - root - [32mINFO[0m - Initializing command executor...
2025-12-26 06:47:10 - paramiko.transport - [32mINFO[0m - Connected (version 2.0, client OpenSSH_9.6p1)
2025-12-26 06:47:12 - paramiko.transport - [32mINFO[0m - Authentication (publickey) successful!
2025-12-26 06:47:12 - lib.executor - [32mINFO[0m - SSH connection established to 35.169.107.173
2025-12-26 06:47:13 - root - [32mINFO[0m - Target hostname: ip-172-31-8-148
2025-12-26 06:47:13 - root - [32mINFO[0m - 
2025-12-26 06:47:13 - root - [32mINFO[0m - ================================================================================
2025-12-26 06:47:13 - root - [32mINFO[0m - PHASE 1: Pre-Remediation Check
2025-12-26 06:47:13 - root - [32mINFO[0m - ================================================================================
2025-12-26 06:47:13 - lib.checker - [32mINFO[0m - Loaded 35 STIG rules
2025-12-26 06:47:13 - lib.checker - [32mINFO[0m - Starting checks for 35 rules
2025-12-26 06:47:13 - lib.checker - [32mINFO[0m - Checking rule: UBTU-24-90890
2025-12-26 06:47:14 - paramiko.transport.sftp - [32mINFO[0m - [chan 1] Opened sftp connection (server version 3)
2025-12-26 06:47:15 - paramiko.transport.sftp - [32mINFO[0m - [chan 1] sftp session closed.
2025-12-26 06:47:17 - lib.checker - [32mINFO[0m - Rule UBTU-24-90890: FAIL
2025-12-26 06:47:17 - lib.checker - [32mINFO[0m - Checking rule: UBTU-24-100010
2025-12-26 06:47:18 - paramiko.transport.sftp - [32mINFO[0m - [chan 4] Opened sftp connection (server version 3)
2025-12-26 06:47:19 - paramiko.transport.sftp - [32mINFO[0m - [chan 4] sftp session closed.
2025-12-26 06:47:21 - lib.checker - [32mINFO[0m - Rule UBTU-24-100010: PASS
2025-12-26 06:47:21 - lib.checker - [32mINFO[0m - Checking rule: UBTU-24-100020
2025-12-26 06:47:22 - paramiko.transport.sftp - [32mINFO[0m - [chan 7] Opened sftp connection (server version 3)
2025-12-26 06:47:23 - paramiko.transport.sftp - [32mINFO[0m - [chan 7] sftp session closed.
2025-12-26 06:47:25 - lib.checker - [32mINFO[0m - Rule UBTU-24-100020: PASS
2025-12-26 06:47:25 - lib.checker - [32mINFO[0m - Checking rule: UBTU-24-100030
2025-12-26 06:47:26 - paramiko.transport.sftp - [32mINFO[0m - [chan 10] Opened sftp connection (server version 3)
2025-12-26 06:47:27 - paramiko.transport.sftp - [32mINFO[0m - [chan 10] sftp session closed.
2025-12-26 06:47:29 - lib.checker - [32mINFO[0m - Rule UBTU-24-100030: PASS
2025-12-26 06:47:29 - lib.checker - [32mINFO[0m - Checking rule: UBTU-24-100040
2025-12-26 06:47:30 - paramiko.transport.sftp - [32mINFO[0m - [chan 13] Opened sftp connection (server version 3)
2025-12-26 06:47:31 - paramiko.transport.sftp - [32mINFO[0m - [chan 13] sftp session closed.
2025-12-26 06:47:33 - lib.checker - [32mINFO[0m - Rule UBTU-24-100040: PASS
2025-12-26 06:47:33 - lib.checker - [32mINFO[0m - Checking rule: UBTU-24-100100
2025-12-26 06:47:34 - paramiko.transport.sftp - [32mINFO[0m - [chan 16] Opened sftp connection (server version 3)
2025-12-26 06:47:35 - paramiko.transport.sftp - [32mINFO[0m - [chan 16] sftp session closed.
2025-12-26 06:47:37 - lib.checker - [32mINFO[0m - Rule UBTU-24-100100: FAIL
2025-12-26 06:47:37 - lib.checker - [32mINFO[0m - Checking rule: UBTU-24-100110
2025-12-26 06:47:38 - paramiko.transport.sftp - [32mINFO[0m - [chan 19] Opened sftp connection (server version 3)
2025-12-26 06:47:40 - paramiko.transport.sftp - [32mINFO[0m - [chan 19] sftp session closed.
2025-12-26 06:47:41 - lib.checker - [32mINFO[0m - Rule UBTU-24-100110: FAIL
2025-12-26 06:47:41 - lib.checker - [32mINFO[0m - Checking rule: UBTU-24-100120
2025-12-26 06:47:42 - paramiko.transport.sftp - [32mINFO[0m - [chan 22] Opened sftp connection (server version 3)
2025-12-26 06:47:44 - paramiko.transport.sftp - [32mINFO[0m - [chan 22] sftp session closed.
2025-12-26 06:47:45 - lib.checker - [32mINFO[0m - Rule UBTU-24-100120: FAIL
2025-12-26 06:47:45 - lib.checker - [32mINFO[0m - Checking rule: UBTU-24-100130
2025-12-26 06:47:47 - paramiko.transport.sftp - [32mINFO[0m - [chan 25] Opened sftp connection (server version 3)
2025-12-26 06:47:48 - paramiko.transport.sftp - [32mINFO[0m - [chan 25] sftp session closed.
2025-12-26 06:47:49 - lib.checker - [32mINFO[0m - Rule UBTU-24-100130: FAIL
2025-12-26 06:47:49 - lib.checker - [32mINFO[0m - Checking rule: UBTU-24-100200
2025-12-26 06:47:51 - paramiko.transport.sftp - [32mINFO[0m - [chan 28] Opened sftp connection (server version 3)
2025-12-26 06:47:52 - paramiko.transport.sftp - [32mINFO[0m - [chan 28] sftp session closed.
2025-12-26 06:47:54 - lib.checker - [32mINFO[0m - Rule UBTU-24-100200: PASS
2025-12-26 06:47:54 - lib.checker - [32mINFO[0m - Checking rule: UBTU-24-100300
2025-12-26 06:47:55 - paramiko.transport.sftp - [32mINFO[0m - [chan 31] Opened sftp connection (server version 3)
2025-12-26 06:47:56 - paramiko.transport.sftp - [32mINFO[0m - [chan 31] sftp session closed.
2025-12-26 06:47:58 - lib.checker - [32mINFO[0m - Rule UBTU-24-100300: PASS
2025-12-26 06:47:58 - lib.checker - [32mINFO[0m - Checking rule: UBTU-24-100310
2025-12-26 06:47:59 - paramiko.transport.sftp - [32mINFO[0m - [chan 34] Opened sftp connection (server version 3)
2025-12-26 06:48:00 - paramiko.transport.sftp - [32mINFO[0m - [chan 34] sftp session closed.
2025-12-26 06:48:02 - lib.checker - [32mINFO[0m - Rule UBTU-24-100310: FAIL
2025-12-26 06:48:02 - lib.checker - [32mINFO[0m - Checking rule: UBTU-24-100400
2025-12-26 06:48:03 - paramiko.transport.sftp - [32mINFO[0m - [chan 37] Opened sftp connection (server version 3)
2025-12-26 06:48:04 - paramiko.transport.sftp - [32mINFO[0m - [chan 37] sftp session closed.
2025-12-26 06:48:06 - lib.checker - [32mINFO[0m - Rule UBTU-24-100400: FAIL
2025-12-26 06:48:06 - lib.checker - [32mINFO[0m - Checking rule: UBTU-24-100410
2025-12-26 06:48:07 - paramiko.transport.sftp - [32mINFO[0m - [chan 40] Opened sftp connection (server version 3)
2025-12-26 06:48:08 - paramiko.transport.sftp - [32mINFO[0m - [chan 40] sftp session closed.
2025-12-26 06:48:10 - lib.checker - [32mINFO[0m - Rule UBTU-24-100410: FAIL
2025-12-26 06:48:10 - lib.checker - [32mINFO[0m - Checking rule: UBTU-24-100450
2025-12-26 06:48:11 - paramiko.transport.sftp - [32mINFO[0m - [chan 43] Opened sftp connection (server version 3)
2025-12-26 06:48:12 - paramiko.transport.sftp - [32mINFO[0m - [chan 43] sftp session closed.
2025-12-26 06:48:14 - lib.checker - [32mINFO[0m - Rule UBTU-24-100450: FAIL
2025-12-26 06:48:14 - lib.checker - [32mINFO[0m - Checking rule: UBTU-24-100500
2025-12-26 06:48:15 - paramiko.transport.sftp - [32mINFO[0m - [chan 46] Opened sftp connection (server version 3)
2025-12-26 06:48:16 - paramiko.transport.sftp - [32mINFO[0m - [chan 46] sftp session closed.
2025-12-26 06:48:18 - lib.checker - [32mINFO[0m - Rule UBTU-24-100500: PASS
2025-12-26 06:48:18 - lib.checker - [32mINFO[0m - Checking rule: UBTU-24-100510
2025-12-26 06:48:19 - paramiko.transport.sftp - [32mINFO[0m - [chan 49] Opened sftp connection (server version 3)
2025-12-26 06:48:21 - paramiko.transport.sftp - [32mINFO[0m - [chan 49] sftp session closed.
2025-12-26 06:48:22 - lib.checker - [32mINFO[0m - Rule UBTU-24-100510: PASS
2025-12-26 06:48:22 - lib.checker - [32mINFO[0m - Checking rule: UBTU-24-100600
2025-12-26 06:48:23 - paramiko.transport.sftp - [32mINFO[0m - [chan 52] Opened sftp connection (server version 3)
2025-12-26 06:48:25 - paramiko.transport.sftp - [32mINFO[0m - [chan 52] sftp session closed.
2025-12-26 06:48:26 - lib.checker - [32mINFO[0m - Rule UBTU-24-100600: FAIL
2025-12-26 06:48:26 - lib.checker - [32mINFO[0m - Checking rule: UBTU-24-100650
2025-12-26 06:48:27 - paramiko.transport.sftp - [32mINFO[0m - [chan 55] Opened sftp connection (server version 3)
2025-12-26 06:48:29 - paramiko.transport.sftp - [32mINFO[0m - [chan 55] sftp session closed.
2025-12-26 06:48:31 - lib.checker - [32mINFO[0m - Rule UBTU-24-100650: FAIL
2025-12-26 06:48:31 - lib.checker - [32mINFO[0m - Checking rule: UBTU-24-100660
2025-12-26 06:48:32 - paramiko.transport.sftp - [32mINFO[0m - [chan 58] Opened sftp connection (server version 3)
2025-12-26 06:48:33 - paramiko.transport.sftp - [32mINFO[0m - [chan 58] sftp session closed.
2025-12-26 06:48:35 - lib.checker - [32mINFO[0m - Rule UBTU-24-100660: FAIL
2025-12-26 06:48:35 - lib.checker - [32mINFO[0m - Checking rule: UBTU-24-100700
2025-12-26 06:48:36 - paramiko.transport.sftp - [32mINFO[0m - [chan 61] Opened sftp connection (server version 3)
2025-12-26 06:48:37 - paramiko.transport.sftp - [32mINFO[0m - [chan 61] sftp session closed.
2025-12-26 06:48:39 - lib.checker - [32mINFO[0m - Rule UBTU-24-100700: PASS
2025-12-26 06:48:39 - lib.checker - [32mINFO[0m - Checking rule: UBTU-24-100800
2025-12-26 06:48:40 - paramiko.transport.sftp - [32mINFO[0m - [chan 64] Opened sftp connection (server version 3)
2025-12-26 06:48:41 - paramiko.transport.sftp - [32mINFO[0m - [chan 64] sftp session closed.
2025-12-26 06:48:43 - lib.checker - [32mINFO[0m - Rule UBTU-24-100800: PASS
2025-12-26 06:48:43 - lib.checker - [32mINFO[0m - Checking rule: UBTU-24-100810
2025-12-26 06:48:44 - paramiko.transport.sftp - [32mINFO[0m - [chan 67] Opened sftp connection (server version 3)
2025-12-26 06:48:45 - paramiko.transport.sftp - [32mINFO[0m - [chan 67] sftp session closed.
2025-12-26 06:48:47 - lib.checker - [32mINFO[0m - Rule UBTU-24-100810: FAIL
2025-12-26 06:48:47 - lib.checker - [32mINFO[0m - Checking rule: UBTU-24-100820
2025-12-26 06:48:48 - paramiko.transport.sftp - [32mINFO[0m - [chan 70] Opened sftp connection (server version 3)
2025-12-26 06:48:49 - paramiko.transport.sftp - [32mINFO[0m - [chan 70] sftp session closed.
2025-12-26 06:48:51 - lib.checker - [32mINFO[0m - Rule UBTU-24-100820: FAIL
2025-12-26 06:48:51 - lib.checker - [32mINFO[0m - Checking rule: UBTU-24-100830
2025-12-26 06:48:52 - paramiko.transport.sftp - [32mINFO[0m - [chan 73] Opened sftp connection (server version 3)
2025-12-26 06:48:53 - paramiko.transport.sftp - [32mINFO[0m - [chan 73] sftp session closed.
2025-12-26 06:48:55 - lib.checker - [32mINFO[0m - Rule UBTU-24-100830: FAIL
2025-12-26 06:48:55 - lib.checker - [32mINFO[0m - Checking rule: UBTU-24-100840
2025-12-26 06:48:56 - paramiko.transport.sftp - [32mINFO[0m - [chan 76] Opened sftp connection (server version 3)
2025-12-26 06:48:58 - paramiko.transport.sftp - [32mINFO[0m - [chan 76] sftp session closed.
2025-12-26 06:48:59 - lib.checker - [32mINFO[0m - Rule UBTU-24-100840: FAIL
2025-12-26 06:48:59 - lib.checker - [32mINFO[0m - Checking rule: UBTU-24-100900
2025-12-26 06:49:00 - paramiko.transport.sftp - [32mINFO[0m - [chan 79] Opened sftp connection (server version 3)
2025-12-26 06:49:02 - paramiko.transport.sftp - [32mINFO[0m - [chan 79] sftp session closed.
2025-12-26 06:49:03 - lib.checker - [32mINFO[0m - Rule UBTU-24-100900: FAIL
2025-12-26 06:49:03 - lib.checker - [32mINFO[0m - Checking rule: UBTU-24-102000
2025-12-26 06:49:05 - paramiko.transport.sftp - [32mINFO[0m - [chan 82] Opened sftp connection (server version 3)
2025-12-26 06:49:06 - paramiko.transport.sftp - [32mINFO[0m - [chan 82] sftp session closed.
2025-12-26 06:49:07 - lib.checker - [32mINFO[0m - Rule UBTU-24-102000: FAIL
2025-12-26 06:49:07 - lib.checker - [32mINFO[0m - Checking rule: UBTU-24-200060
2025-12-26 06:49:09 - paramiko.transport.sftp - [32mINFO[0m - [chan 85] Opened sftp connection (server version 3)
2025-12-26 06:49:10 - paramiko.transport.sftp - [32mINFO[0m - [chan 85] sftp session closed.
2025-12-26 06:49:11 - lib.checker - [32mINFO[0m - Rule UBTU-24-200060: FAIL
2025-12-26 06:49:11 - lib.checker - [32mINFO[0m - Checking rule: UBTU-24-200250
2025-12-26 06:49:13 - paramiko.transport.sftp - [32mINFO[0m - [chan 88] Opened sftp connection (server version 3)
2025-12-26 06:49:14 - paramiko.transport.sftp - [32mINFO[0m - [chan 88] sftp session closed.
2025-12-26 06:49:16 - lib.checker - [32mINFO[0m - Rule UBTU-24-200250: PASS
2025-12-26 06:49:16 - lib.checker - [32mINFO[0m - Checking rule: UBTU-24-200260
2025-12-26 06:49:17 - paramiko.transport.sftp - [32mINFO[0m - [chan 91] Opened sftp connection (server version 3)
2025-12-26 06:49:18 - paramiko.transport.sftp - [32mINFO[0m - [chan 91] sftp session closed.
2025-12-26 06:49:20 - lib.checker - [32mINFO[0m - Rule UBTU-24-200260: FAIL
2025-12-26 06:49:20 - lib.checker - [32mINFO[0m - Checking rule: UBTU-24-200000
2025-12-26 06:49:21 - paramiko.transport.sftp - [32mINFO[0m - [chan 94] Opened sftp connection (server version 3)
2025-12-26 06:49:22 - paramiko.transport.sftp - [32mINFO[0m - [chan 94] sftp session closed.
2025-12-26 06:49:24 - lib.checker - [32mINFO[0m - Rule UBTU-24-200000: FAIL
2025-12-26 06:49:24 - lib.checker - [32mINFO[0m - Checking rule: UBTU-24-300001
2025-12-26 06:49:25 - paramiko.transport.sftp - [32mINFO[0m - [chan 97] Opened sftp connection (server version 3)
2025-12-26 06:49:26 - paramiko.transport.sftp - [32mINFO[0m - [chan 97] sftp session closed.
2025-12-26 06:49:28 - lib.checker - [32mINFO[0m - Rule UBTU-24-300001: PASS
2025-12-26 06:49:28 - lib.checker - [32mINFO[0m - Checking rule: UBTU-24-300017
2025-12-26 06:49:29 - paramiko.transport.sftp - [32mINFO[0m - [chan 100] Opened sftp connection (server version 3)
2025-12-26 06:49:30 - paramiko.transport.sftp - [32mINFO[0m - [chan 100] sftp session closed.
2025-12-26 06:49:32 - lib.checker - [32mINFO[0m - Rule UBTU-24-300017: FAIL
2025-12-26 06:49:32 - lib.checker - [32mINFO[0m - Checking rule: UBTU-24-400340
2025-12-26 06:49:33 - paramiko.transport.sftp - [32mINFO[0m - [chan 103] Opened sftp connection (server version 3)
2025-12-26 06:49:34 - paramiko.transport.sftp - [32mINFO[0m - [chan 103] sftp session closed.
2025-12-26 06:49:36 - lib.checker - [32mINFO[0m - Rule UBTU-24-400340: FAIL
2025-12-26 06:49:36 - lib.checker - [32mINFO[0m - Check completed: 12 PASS, 23 FAIL, 0 ERROR
2025-12-26 06:49:36 - root - [32mINFO[0m - Pre-check Summary: 12 PASS, 23 FAIL, 0 ERROR
2025-12-26 06:49:36 - root - [32mINFO[0m - Initial Compliance Rate: 34.29%
2025-12-26 06:49:36 - root - [32mINFO[0m - Skipping remediation (check-only mode)
2025-12-26 06:49:36 - root - [32mINFO[0m - 
2025-12-26 06:49:36 - root - [32mINFO[0m - ================================================================================
2025-12-26 06:49:36 - root - [32mINFO[0m - PHASE 4: Generate Reports
2025-12-26 06:49:36 - root - [32mINFO[0m - ================================================================================
2025-12-26 06:49:36 - lib.reporter - [32mINFO[0m - HTML report generated: C:\Users\Khoa_Le\Documents\Y4\LTKB\DA\stig_automation\./reports\stig_report_20251226_064936.html
2025-12-26 06:49:36 - root - [32mINFO[0m - HTML Report: C:\Users\Khoa_Le\Documents\Y4\LTKB\DA\stig_automation\./reports\stig_report_20251226_064936.html
2025-12-26 06:49:36 - lib.reporter - [32mINFO[0m - JSON report generated: C:\Users\Khoa_Le\Documents\Y4\LTKB\DA\stig_automation\./reports\stig_report_20251226_064936.json
2025-12-26 06:49:36 - root - [32mINFO[0m - JSON Report: C:\Users\Khoa_Le\Documents\Y4\LTKB\DA\stig_automation\./reports\stig_report_20251226_064936.json
2025-12-26 06:49:36 - root - [32mINFO[0m - 
2025-12-26 06:49:36 - root - [32mINFO[0m - ================================================================================
2025-12-26 06:49:36 - root - [32mINFO[0m - EXECUTION SUMMARY
2025-12-26 06:49:36 - root - [32mINFO[0m - ================================================================================
2025-12-26 06:49:36 - root - [32mINFO[0m - Target: ip-172-31-8-148
2025-12-26 06:49:36 - root - [32mINFO[0m - Mode: ssh
2025-12-26 06:49:36 - root - [32mINFO[0m - Rules Checked: 35
2025-12-26 06:49:36 - root - [32mINFO[0m - Compliance Rate: 34.29%
2025-12-26 06:49:36 - root - [32mINFO[0m - Reports: C:\Users\Khoa_Le\Documents\Y4\LTKB\DA\stig_automation\./reports
2025-12-26 06:49:36 - root - [32mINFO[0m - Logs: C:\Users\Khoa_Le\Documents\Y4\LTKB\DA\stig_automation\./logs
2025-12-26 06:49:36 - root - [32mINFO[0m - 
2025-12-26 06:49:36 - root - [32mINFO[0m - View Reports:
2025-12-26 06:49:36 - root - [32mINFO[0m -   HTML: file://C:\Users\Khoa_Le\Documents\Y4\LTKB\DA\stig_automation\reports\stig_report_20251226_064936.html
2025-12-26 06:49:36 - root - [32mINFO[0m -   JSON: file://C:\Users\Khoa_Le\Documents\Y4\LTKB\DA\stig_automation\reports\stig_report_20251226_064936.json
2025-12-26 06:49:36 - root - [32mINFO[0m - ================================================================================
2025-12-26 06:49:36 - root - [32mINFO[0m - ✓ Execution completed successfully
2025-12-26 06:49:36 - lib.executor - [32mINFO[0m - SSH connection closed
2025-12-26 06:50:34 - root - [32mINFO[0m - ================================================================================
2025-12-26 06:50:34 - root - [32mINFO[0m - STIG Automation Tool - Ubuntu 24.04 LTS
2025-12-26 06:50:34 - root - [32mINFO[0m - ================================================================================
2025-12-26 06:50:34 - root - [32mINFO[0m - SSH Mode: ubuntu@35.169.107.173:22
2025-12-26 06:50:34 - root - [32mINFO[0m - Initializing command executor...
2025-12-26 06:50:35 - paramiko.transport - [32mINFO[0m - Connected (version 2.0, client OpenSSH_9.6p1)
2025-12-26 06:50:36 - paramiko.transport - [32mINFO[0m - Authentication (publickey) successful!
2025-12-26 06:50:36 - lib.executor - [32mINFO[0m - SSH connection established to 35.169.107.173
2025-12-26 06:50:37 - root - [32mINFO[0m - Target hostname: ip-172-31-8-148
2025-12-26 06:50:37 - root - [32mINFO[0m - 
2025-12-26 06:50:37 - root - [32mINFO[0m - ================================================================================
2025-12-26 06:50:37 - root - [32mINFO[0m - PHASE 1: Pre-Remediation Check
2025-12-26 06:50:37 - root - [32mINFO[0m - ================================================================================
2025-12-26 06:50:37 - lib.checker - [32mINFO[0m - Loaded 35 STIG rules
2025-12-26 06:50:37 - lib.checker - [32mINFO[0m - Starting checks for 35 rules
2025-12-26 06:50:37 - lib.checker - [32mINFO[0m - Checking rule: UBTU-24-90890
2025-12-26 06:50:39 - paramiko.transport.sftp - [32mINFO[0m - [chan 1] Opened sftp connection (server version 3)
2025-12-26 06:50:40 - paramiko.transport.sftp - [32mINFO[0m - [chan 1] sftp session closed.
2025-12-26 06:50:42 - lib.checker - [32mINFO[0m - Rule UBTU-24-90890: FAIL
2025-12-26 06:50:42 - lib.checker - [32mINFO[0m - Checking rule: UBTU-24-100010
2025-12-26 06:50:43 - paramiko.transport.sftp - [32mINFO[0m - [chan 4] Opened sftp connection (server version 3)
2025-12-26 06:50:44 - paramiko.transport.sftp - [32mINFO[0m - [chan 4] sftp session closed.
2025-12-26 06:50:46 - lib.checker - [32mINFO[0m - Rule UBTU-24-100010: PASS
2025-12-26 06:50:46 - lib.checker - [32mINFO[0m - Checking rule: UBTU-24-100020
2025-12-26 06:50:47 - paramiko.transport.sftp - [32mINFO[0m - [chan 7] Opened sftp connection (server version 3)
2025-12-26 06:50:48 - paramiko.transport.sftp - [32mINFO[0m - [chan 7] sftp session closed.
2025-12-26 06:50:50 - lib.checker - [32mINFO[0m - Rule UBTU-24-100020: PASS
2025-12-26 06:50:50 - lib.checker - [32mINFO[0m - Checking rule: UBTU-24-100030
2025-12-26 06:50:51 - paramiko.transport.sftp - [32mINFO[0m - [chan 10] Opened sftp connection (server version 3)
2025-12-26 06:50:52 - paramiko.transport.sftp - [32mINFO[0m - [chan 10] sftp session closed.
2025-12-26 06:50:54 - lib.checker - [32mINFO[0m - Rule UBTU-24-100030: PASS
2025-12-26 06:50:54 - lib.checker - [32mINFO[0m - Checking rule: UBTU-24-100040
2025-12-26 06:50:55 - paramiko.transport.sftp - [32mINFO[0m - [chan 13] Opened sftp connection (server version 3)
2025-12-26 06:50:57 - paramiko.transport.sftp - [32mINFO[0m - [chan 13] sftp session closed.
2025-12-26 06:50:59 - lib.checker - [32mINFO[0m - Rule UBTU-24-100040: PASS
2025-12-26 06:50:59 - lib.checker - [32mINFO[0m - Checking rule: UBTU-24-100100
2025-12-26 06:51:00 - paramiko.transport.sftp - [32mINFO[0m - [chan 16] Opened sftp connection (server version 3)
2025-12-26 06:51:01 - paramiko.transport.sftp - [32mINFO[0m - [chan 16] sftp session closed.
2025-12-26 06:51:03 - lib.checker - [32mINFO[0m - Rule UBTU-24-100100: FAIL
2025-12-26 06:51:03 - lib.checker - [32mINFO[0m - Checking rule: UBTU-24-100110
2025-12-26 06:51:04 - paramiko.transport.sftp - [32mINFO[0m - [chan 19] Opened sftp connection (server version 3)
2025-12-26 06:51:05 - paramiko.transport.sftp - [32mINFO[0m - [chan 19] sftp session closed.
2025-12-26 06:51:07 - lib.checker - [32mINFO[0m - Rule UBTU-24-100110: FAIL
2025-12-26 06:51:07 - lib.checker - [32mINFO[0m - Checking rule: UBTU-24-100120
2025-12-26 06:51:09 - paramiko.transport.sftp - [32mINFO[0m - [chan 22] Opened sftp connection (server version 3)
2025-12-26 06:51:10 - paramiko.transport.sftp - [32mINFO[0m - [chan 22] sftp session closed.
2025-12-26 06:51:12 - lib.checker - [32mINFO[0m - Rule UBTU-24-100120: FAIL
2025-12-26 06:51:12 - lib.checker - [32mINFO[0m - Checking rule: UBTU-24-100130
2025-12-26 06:51:13 - paramiko.transport.sftp - [32mINFO[0m - [chan 25] Opened sftp connection (server version 3)
2025-12-26 06:51:14 - paramiko.transport.sftp - [32mINFO[0m - [chan 25] sftp session closed.
2025-12-26 06:51:16 - lib.checker - [32mINFO[0m - Rule UBTU-24-100130: FAIL
2025-12-26 06:51:16 - lib.checker - [32mINFO[0m - Checking rule: UBTU-24-100200
2025-12-26 06:51:17 - paramiko.transport.sftp - [32mINFO[0m - [chan 28] Opened sftp connection (server version 3)
2025-12-26 06:51:19 - paramiko.transport.sftp - [32mINFO[0m - [chan 28] sftp session closed.
2025-12-26 06:51:21 - lib.checker - [32mINFO[0m - Rule UBTU-24-100200: PASS
2025-12-26 06:51:21 - lib.checker - [32mINFO[0m - Checking rule: UBTU-24-100300
2025-12-26 06:51:22 - paramiko.transport.sftp - [32mINFO[0m - [chan 31] Opened sftp connection (server version 3)
2025-12-26 06:51:23 - paramiko.transport.sftp - [32mINFO[0m - [chan 31] sftp session closed.
2025-12-26 06:51:25 - lib.checker - [32mINFO[0m - Rule UBTU-24-100300: PASS
2025-12-26 06:51:25 - lib.checker - [32mINFO[0m - Checking rule: UBTU-24-100310
2025-12-26 06:51:26 - paramiko.transport.sftp - [32mINFO[0m - [chan 34] Opened sftp connection (server version 3)
2025-12-26 06:51:27 - paramiko.transport.sftp - [32mINFO[0m - [chan 34] sftp session closed.
2025-12-26 06:51:29 - lib.checker - [32mINFO[0m - Rule UBTU-24-100310: FAIL
2025-12-26 06:51:29 - lib.checker - [32mINFO[0m - Checking rule: UBTU-24-100400
2025-12-26 06:51:30 - paramiko.transport.sftp - [32mINFO[0m - [chan 37] Opened sftp connection (server version 3)
2025-12-26 06:51:32 - paramiko.transport.sftp - [32mINFO[0m - [chan 37] sftp session closed.
2025-12-26 06:51:33 - lib.checker - [32mINFO[0m - Rule UBTU-24-100400: FAIL
2025-12-26 06:51:33 - lib.checker - [32mINFO[0m - Checking rule: UBTU-24-100410
2025-12-26 06:51:35 - paramiko.transport.sftp - [32mINFO[0m - [chan 40] Opened sftp connection (server version 3)
2025-12-26 06:51:36 - paramiko.transport.sftp - [32mINFO[0m - [chan 40] sftp session closed.
2025-12-26 06:51:38 - lib.checker - [32mINFO[0m - Rule UBTU-24-100410: FAIL
2025-12-26 06:51:38 - lib.checker - [32mINFO[0m - Checking rule: UBTU-24-100450
2025-12-26 06:51:39 - paramiko.transport.sftp - [32mINFO[0m - [chan 43] Opened sftp connection (server version 3)
2025-12-26 06:51:40 - paramiko.transport.sftp - [32mINFO[0m - [chan 43] sftp session closed.
2025-12-26 06:51:42 - lib.checker - [32mINFO[0m - Rule UBTU-24-100450: FAIL
2025-12-26 06:51:42 - lib.checker - [32mINFO[0m - Checking rule: UBTU-24-100500
2025-12-26 06:51:43 - paramiko.transport.sftp - [32mINFO[0m - [chan 46] Opened sftp connection (server version 3)
2025-12-26 06:51:44 - paramiko.transport.sftp - [32mINFO[0m - [chan 46] sftp session closed.
2025-12-26 06:51:46 - lib.checker - [32mINFO[0m - Rule UBTU-24-100500: PASS
2025-12-26 06:51:46 - lib.checker - [32mINFO[0m - Checking rule: UBTU-24-100510
2025-12-26 06:51:47 - paramiko.transport.sftp - [32mINFO[0m - [chan 49] Opened sftp connection (server version 3)
2025-12-26 06:51:49 - paramiko.transport.sftp - [32mINFO[0m - [chan 49] sftp session closed.
2025-12-26 06:51:50 - lib.checker - [32mINFO[0m - Rule UBTU-24-100510: PASS
2025-12-26 06:51:50 - lib.checker - [32mINFO[0m - Checking rule: UBTU-24-100600
2025-12-26 06:51:52 - paramiko.transport.sftp - [32mINFO[0m - [chan 52] Opened sftp connection (server version 3)
2025-12-26 06:51:53 - paramiko.transport.sftp - [32mINFO[0m - [chan 52] sftp session closed.
2025-12-26 06:51:55 - lib.checker - [32mINFO[0m - Rule UBTU-24-100600: FAIL
2025-12-26 06:51:55 - lib.checker - [32mINFO[0m - Checking rule: UBTU-24-100650
2025-12-26 06:51:56 - paramiko.transport.sftp - [32mINFO[0m - [chan 55] Opened sftp connection (server version 3)
2025-12-26 06:51:57 - paramiko.transport.sftp - [32mINFO[0m - [chan 55] sftp session closed.
2025-12-26 06:51:59 - lib.checker - [32mINFO[0m - Rule UBTU-24-100650: FAIL
2025-12-26 06:51:59 - lib.checker - [32mINFO[0m - Checking rule: UBTU-24-100660
2025-12-26 06:52:00 - paramiko.transport.sftp - [32mINFO[0m - [chan 58] Opened sftp connection (server version 3)
2025-12-26 06:52:01 - paramiko.transport.sftp - [32mINFO[0m - [chan 58] sftp session closed.
2025-12-26 06:52:03 - lib.checker - [32mINFO[0m - Rule UBTU-24-100660: FAIL
2025-12-26 06:52:03 - lib.checker - [32mINFO[0m - Checking rule: UBTU-24-100700
2025-12-26 06:52:04 - paramiko.transport.sftp - [32mINFO[0m - [chan 61] Opened sftp connection (server version 3)
2025-12-26 06:52:06 - paramiko.transport.sftp - [32mINFO[0m - [chan 61] sftp session closed.
2025-12-26 06:52:08 - lib.checker - [32mINFO[0m - Rule UBTU-24-100700: PASS
2025-12-26 06:52:08 - lib.checker - [32mINFO[0m - Checking rule: UBTU-24-100800
2025-12-26 06:52:09 - paramiko.transport.sftp - [32mINFO[0m - [chan 64] Opened sftp connection (server version 3)
2025-12-26 06:52:10 - paramiko.transport.sftp - [32mINFO[0m - [chan 64] sftp session closed.
2025-12-26 06:52:12 - lib.checker - [32mINFO[0m - Rule UBTU-24-100800: PASS
2025-12-26 06:52:12 - lib.checker - [32mINFO[0m - Checking rule: UBTU-24-100810
2025-12-26 06:52:13 - paramiko.transport.sftp - [32mINFO[0m - [chan 67] Opened sftp connection (server version 3)
2025-12-26 06:52:14 - paramiko.transport.sftp - [32mINFO[0m - [chan 67] sftp session closed.
2025-12-26 06:52:16 - lib.checker - [32mINFO[0m - Rule UBTU-24-100810: FAIL
2025-12-26 06:52:16 - lib.checker - [32mINFO[0m - Checking rule: UBTU-24-100820
2025-12-26 06:52:18 - paramiko.transport.sftp - [32mINFO[0m - [chan 70] Opened sftp connection (server version 3)
2025-12-26 06:52:19 - paramiko.transport.sftp - [32mINFO[0m - [chan 70] sftp session closed.
2025-12-26 06:52:21 - lib.checker - [32mINFO[0m - Rule UBTU-24-100820: FAIL
2025-12-26 06:52:21 - lib.checker - [32mINFO[0m - Checking rule: UBTU-24-100830
2025-12-26 06:52:22 - paramiko.transport.sftp - [32mINFO[0m - [chan 73] Opened sftp connection (server version 3)
2025-12-26 06:52:23 - paramiko.transport.sftp - [32mINFO[0m - [chan 73] sftp session closed.
2025-12-26 06:52:25 - lib.checker - [32mINFO[0m - Rule UBTU-24-100830: FAIL
2025-12-26 06:52:25 - lib.checker - [32mINFO[0m - Checking rule: UBTU-24-100840
2025-12-26 06:52:26 - paramiko.transport.sftp - [32mINFO[0m - [chan 76] Opened sftp connection (server version 3)
2025-12-26 06:52:27 - paramiko.transport.sftp - [32mINFO[0m - [chan 76] sftp session closed.
2025-12-26 06:52:29 - lib.checker - [32mINFO[0m - Rule UBTU-24-100840: FAIL
2025-12-26 06:52:29 - lib.checker - [32mINFO[0m - Checking rule: UBTU-24-100900
2025-12-26 06:52:30 - paramiko.transport.sftp - [32mINFO[0m - [chan 79] Opened sftp connection (server version 3)
2025-12-26 06:52:31 - paramiko.transport.sftp - [32mINFO[0m - [chan 79] sftp session closed.
2025-12-26 06:52:33 - lib.checker - [32mINFO[0m - Rule UBTU-24-100900: FAIL
2025-12-26 06:52:33 - lib.checker - [32mINFO[0m - Checking rule: UBTU-24-102000
2025-12-26 06:52:35 - paramiko.transport.sftp - [32mINFO[0m - [chan 82] Opened sftp connection (server version 3)
2025-12-26 06:52:36 - paramiko.transport.sftp - [32mINFO[0m - [chan 82] sftp session closed.
2025-12-26 06:52:38 - lib.checker - [32mINFO[0m - Rule UBTU-24-102000: FAIL
2025-12-26 06:52:38 - lib.checker - [32mINFO[0m - Checking rule: UBTU-24-200060
2025-12-26 06:52:39 - paramiko.transport.sftp - [32mINFO[0m - [chan 85] Opened sftp connection (server version 3)
2025-12-26 06:52:40 - paramiko.transport.sftp - [32mINFO[0m - [chan 85] sftp session closed.
2025-12-26 06:52:42 - lib.checker - [32mINFO[0m - Rule UBTU-24-200060: FAIL
2025-12-26 06:52:42 - lib.checker - [32mINFO[0m - Checking rule: UBTU-24-200250
2025-12-26 06:52:43 - paramiko.transport.sftp - [32mINFO[0m - [chan 88] Opened sftp connection (server version 3)
2025-12-26 06:52:44 - paramiko.transport.sftp - [32mINFO[0m - [chan 88] sftp session closed.
2025-12-26 06:52:46 - lib.checker - [32mINFO[0m - Rule UBTU-24-200250: PASS
2025-12-26 06:52:46 - lib.checker - [32mINFO[0m - Checking rule: UBTU-24-200260
2025-12-26 06:52:47 - paramiko.transport.sftp - [32mINFO[0m - [chan 91] Opened sftp connection (server version 3)
2025-12-26 06:52:48 - paramiko.transport.sftp - [32mINFO[0m - [chan 91] sftp session closed.
2025-12-26 06:52:50 - lib.checker - [32mINFO[0m - Rule UBTU-24-200260: FAIL
2025-12-26 06:52:50 - lib.checker - [32mINFO[0m - Checking rule: UBTU-24-200000
2025-12-26 06:52:52 - paramiko.transport.sftp - [32mINFO[0m - [chan 94] Opened sftp connection (server version 3)
2025-12-26 06:52:53 - paramiko.transport.sftp - [32mINFO[0m - [chan 94] sftp session closed.
2025-12-26 06:52:55 - lib.checker - [32mINFO[0m - Rule UBTU-24-200000: FAIL
2025-12-26 06:52:55 - lib.checker - [32mINFO[0m - Checking rule: UBTU-24-300001
2025-12-26 06:52:56 - paramiko.transport.sftp - [32mINFO[0m - [chan 97] Opened sftp connection (server version 3)
2025-12-26 06:52:57 - paramiko.transport.sftp - [32mINFO[0m - [chan 97] sftp session closed.
2025-12-26 06:52:59 - lib.checker - [32mINFO[0m - Rule UBTU-24-300001: PASS
2025-12-26 06:52:59 - lib.checker - [32mINFO[0m - Checking rule: UBTU-24-300017
2025-12-26 06:53:00 - paramiko.transport.sftp - [32mINFO[0m - [chan 100] Opened sftp connection (server version 3)
2025-12-26 06:53:01 - paramiko.transport.sftp - [32mINFO[0m - [chan 100] sftp session closed.
2025-12-26 06:53:03 - lib.checker - [32mINFO[0m - Rule UBTU-24-300017: FAIL
2025-12-26 06:53:03 - lib.checker - [32mINFO[0m - Checking rule: UBTU-24-400340
2025-12-26 06:53:05 - paramiko.transport.sftp - [32mINFO[0m - [chan 103] Opened sftp connection (server version 3)
2025-12-26 06:53:06 - paramiko.transport.sftp - [32mINFO[0m - [chan 103] sftp session closed.
2025-12-26 06:53:08 - lib.checker - [32mINFO[0m - Rule UBTU-24-400340: FAIL
2025-12-26 06:53:08 - lib.checker - [32mINFO[0m - Check completed: 12 PASS, 23 FAIL, 0 ERROR
2025-12-26 06:53:08 - root - [32mINFO[0m - Pre-check Summary: 12 PASS, 23 FAIL, 0 ERROR
2025-12-26 06:53:08 - root - [32mINFO[0m - Initial Compliance Rate: 34.29%
2025-12-26 06:53:08 - root - [32mINFO[0m - 
2025-12-26 06:53:08 - root - [32mINFO[0m - ================================================================================
2025-12-26 06:53:08 - root - [32mINFO[0m - PHASE 2: Auto Remediation
2025-12-26 06:53:08 - root - [32mINFO[0m - ================================================================================
2025-12-26 06:53:08 - root - [32mINFO[0m - Found 23 failed checks
2025-12-26 06:53:08 - lib.remediator - [32mINFO[0m - Loaded 35 STIG rules for remediation
2025-12-26 06:53:08 - lib.remediator - [32mINFO[0m - 
🚀 Starting remediation for 23 failed rules
2025-12-26 06:53:08 - lib.remediator - [32mINFO[0m -    Max retry attempts: 3
2025-12-26 06:53:08 - lib.remediator - [32mINFO[0m -    Failed rules: UBTU-24-90890, UBTU-24-100100, UBTU-24-100110, UBTU-24-100120, UBTU-24-100130, UBTU-24-100310, UBTU-24-100400, UBTU-24-100410, UBTU-24-100450, UBTU-24-100600, UBTU-24-100650, UBTU-24-100660, UBTU-24-100810, UBTU-24-100820, UBTU-24-100830, UBTU-24-100840, UBTU-24-100900, UBTU-24-102000, UBTU-24-200060, UBTU-24-200260, UBTU-24-200000, UBTU-24-300017, UBTU-24-400340

2025-12-26 06:53:08 - lib.remediator - [32mINFO[0m - 
[1/23] Processing rule: UBTU-24-90890
2025-12-26 06:53:08 - lib.remediator - [32mINFO[0m - 🔄 Remediation attempt 1/3 for UBTU-24-90890
2025-12-26 06:53:08 - lib.remediator - [32mINFO[0m - 
================================================================================
2025-12-26 06:53:08 - lib.remediator - [32mINFO[0m - 🔧 REMEDIATING RULE: UBTU-24-90890
2025-12-26 06:53:08 - lib.remediator - [32mINFO[0m -    Title: System must use encryption to protect audit tools
2025-12-26 06:53:08 - lib.remediator - [32mINFO[0m -    Severity: high
2025-12-26 06:53:08 - lib.remediator - [32mINFO[0m -    Category: integrity
2025-12-26 06:53:08 - lib.remediator - [32mINFO[0m - ================================================================================
2025-12-26 06:53:08 - lib.remediator - [32mINFO[0m - ⚙️  Executing script with 180s timeout...
2025-12-26 06:53:09 - paramiko.transport.sftp - [32mINFO[0m - [chan 106] Opened sftp connection (server version 3)
2025-12-26 06:53:10 - paramiko.transport.sftp - [32mINFO[0m - [chan 106] sftp session closed.
2025-12-26 06:53:12 - lib.remediator - [32mINFO[0m - ✅ Rule UBTU-24-90890: Remediation SUCCESS
2025-12-26 06:53:12 - lib.remediator - [32mINFO[0m - ================================================================================

2025-12-26 06:53:14 - lib.remediator - [32mINFO[0m - 
[2/23] Processing rule: UBTU-24-100100
2025-12-26 06:53:14 - lib.remediator - [32mINFO[0m - 🔄 Remediation attempt 1/3 for UBTU-24-100100
2025-12-26 06:53:14 - lib.remediator - [32mINFO[0m - 
================================================================================
2025-12-26 06:53:14 - lib.remediator - [32mINFO[0m - 🔧 REMEDIATING RULE: UBTU-24-100100
2025-12-26 06:53:14 - lib.remediator - [32mINFO[0m -    Title: OS must install AIDE for integrity checking
2025-12-26 06:53:14 - lib.remediator - [32mINFO[0m -    Severity: high
2025-12-26 06:53:14 - lib.remediator - [32mINFO[0m -    Category: integrity
2025-12-26 06:53:14 - lib.remediator - [32mINFO[0m - ================================================================================
2025-12-26 06:53:14 - lib.remediator - [32mINFO[0m - ⚙️  Executing script with 180s timeout...
2025-12-26 06:53:15 - paramiko.transport.sftp - [32mINFO[0m - [chan 109] Opened sftp connection (server version 3)
2025-12-26 06:53:16 - paramiko.transport.sftp - [32mINFO[0m - [chan 109] sftp session closed.
2025-12-26 06:53:18 - lib.remediator - [33mWARNING[0m - ⚠️  Rule UBTU-24-100100: Remediation FAILED (exit code 1)
2025-12-26 06:53:18 - lib.remediator - [32mINFO[0m - ================================================================================

2025-12-26 06:53:18 - lib.remediator - [32mINFO[0m - ⏳ Waiting 5s before retry...
2025-12-26 06:53:23 - lib.remediator - [32mINFO[0m - 🔄 Remediation attempt 2/3 for UBTU-24-100100
2025-12-26 06:53:23 - lib.remediator - [32mINFO[0m - 
================================================================================
2025-12-26 06:53:23 - lib.remediator - [32mINFO[0m - 🔧 REMEDIATING RULE: UBTU-24-100100
2025-12-26 06:53:23 - lib.remediator - [32mINFO[0m -    Title: OS must install AIDE for integrity checking
2025-12-26 06:53:23 - lib.remediator - [32mINFO[0m -    Severity: high
2025-12-26 06:53:23 - lib.remediator - [32mINFO[0m -    Category: integrity
2025-12-26 06:53:23 - lib.remediator - [32mINFO[0m - ================================================================================
2025-12-26 06:53:23 - lib.remediator - [32mINFO[0m - ⚙️  Executing script with 180s timeout...
2025-12-26 06:53:24 - paramiko.transport.sftp - [32mINFO[0m - [chan 112] Opened sftp connection (server version 3)
2025-12-26 06:53:25 - paramiko.transport.sftp - [32mINFO[0m - [chan 112] sftp session closed.
2025-12-26 06:53:27 - lib.remediator - [33mWARNING[0m - ⚠️  Rule UBTU-24-100100: Remediation FAILED (exit code 1)
2025-12-26 06:53:27 - lib.remediator - [32mINFO[0m - ================================================================================

2025-12-26 06:53:27 - lib.remediator - [32mINFO[0m - ⏳ Waiting 5s before retry...
2025-12-26 06:53:32 - lib.remediator - [32mINFO[0m - 🔄 Remediation attempt 3/3 for UBTU-24-100100
2025-12-26 06:53:32 - lib.remediator - [32mINFO[0m - 
================================================================================
2025-12-26 06:53:32 - lib.remediator - [32mINFO[0m - 🔧 REMEDIATING RULE: UBTU-24-100100
2025-12-26 06:53:32 - lib.remediator - [32mINFO[0m -    Title: OS must install AIDE for integrity checking
2025-12-26 06:53:32 - lib.remediator - [32mINFO[0m -    Severity: high
2025-12-26 06:53:32 - lib.remediator - [32mINFO[0m -    Category: integrity
2025-12-26 06:53:32 - lib.remediator - [32mINFO[0m - ================================================================================
2025-12-26 06:53:32 - lib.remediator - [32mINFO[0m - ⚙️  Executing script with 180s timeout...
2025-12-26 06:53:33 - paramiko.transport.sftp - [32mINFO[0m - [chan 115] Opened sftp connection (server version 3)
2025-12-26 06:53:34 - paramiko.transport.sftp - [32mINFO[0m - [chan 115] sftp session closed.
2025-12-26 06:53:36 - lib.remediator - [33mWARNING[0m - ⚠️  Rule UBTU-24-100100: Remediation FAILED (exit code 1)
2025-12-26 06:53:36 - lib.remediator - [32mINFO[0m - ================================================================================

2025-12-26 06:53:38 - lib.remediator - [32mINFO[0m - 
[3/23] Processing rule: UBTU-24-100110
2025-12-26 06:53:38 - lib.remediator - [32mINFO[0m - 🔄 Remediation attempt 1/3 for UBTU-24-100110
2025-12-26 06:53:38 - lib.remediator - [32mINFO[0m - 
================================================================================
2025-12-26 06:53:38 - lib.remediator - [32mINFO[0m - 🔧 REMEDIATING RULE: UBTU-24-100110
2025-12-26 06:53:38 - lib.remediator - [32mINFO[0m -    Title: Configure AIDE to perform integrity checks
2025-12-26 06:53:38 - lib.remediator - [32mINFO[0m -    Severity: high
2025-12-26 06:53:38 - lib.remediator - [32mINFO[0m -    Category: integrity
2025-12-26 06:53:38 - lib.remediator - [32mINFO[0m - ================================================================================
2025-12-26 06:53:38 - lib.remediator - [32mINFO[0m - ⚙️  Executing script with 180s timeout...
2025-12-26 06:53:39 - paramiko.transport.sftp - [32mINFO[0m - [chan 118] Opened sftp connection (server version 3)
2025-12-26 06:53:40 - paramiko.transport.sftp - [32mINFO[0m - [chan 118] sftp session closed.
2025-12-26 06:53:42 - lib.remediator - [33mWARNING[0m - ⚠️  Rule UBTU-24-100110: Remediation FAILED (exit code 1)
2025-12-26 06:53:42 - lib.remediator - [32mINFO[0m - ================================================================================

2025-12-26 06:53:42 - lib.remediator - [32mINFO[0m - ⏳ Waiting 5s before retry...
2025-12-26 06:53:47 - lib.remediator - [32mINFO[0m - 🔄 Remediation attempt 2/3 for UBTU-24-100110
2025-12-26 06:53:47 - lib.remediator - [32mINFO[0m - 
================================================================================
2025-12-26 06:53:47 - lib.remediator - [32mINFO[0m - 🔧 REMEDIATING RULE: UBTU-24-100110
2025-12-26 06:53:47 - lib.remediator - [32mINFO[0m -    Title: Configure AIDE to perform integrity checks
2025-12-26 06:53:47 - lib.remediator - [32mINFO[0m -    Severity: high
2025-12-26 06:53:47 - lib.remediator - [32mINFO[0m -    Category: integrity
2025-12-26 06:53:47 - lib.remediator - [32mINFO[0m - ================================================================================
2025-12-26 06:53:47 - lib.remediator - [32mINFO[0m - ⚙️  Executing script with 180s timeout...
2025-12-26 06:53:48 - paramiko.transport.sftp - [32mINFO[0m - [chan 121] Opened sftp connection (server version 3)
2025-12-26 06:53:50 - paramiko.transport.sftp - [32mINFO[0m - [chan 121] sftp session closed.
2025-12-26 06:53:51 - lib.remediator - [33mWARNING[0m - ⚠️  Rule UBTU-24-100110: Remediation FAILED (exit code 1)
2025-12-26 06:53:51 - lib.remediator - [32mINFO[0m - ================================================================================

2025-12-26 06:53:51 - lib.remediator - [32mINFO[0m - ⏳ Waiting 5s before retry...
2025-12-26 06:53:56 - lib.remediator - [32mINFO[0m - 🔄 Remediation attempt 3/3 for UBTU-24-100110
2025-12-26 06:53:56 - lib.remediator - [32mINFO[0m - 
================================================================================
2025-12-26 06:53:56 - lib.remediator - [32mINFO[0m - 🔧 REMEDIATING RULE: UBTU-24-100110
2025-12-26 06:53:56 - lib.remediator - [32mINFO[0m -    Title: Configure AIDE to perform integrity checks
2025-12-26 06:53:56 - lib.remediator - [32mINFO[0m -    Severity: high
2025-12-26 06:53:56 - lib.remediator - [32mINFO[0m -    Category: integrity
2025-12-26 06:53:56 - lib.remediator - [32mINFO[0m - ================================================================================
2025-12-26 06:53:56 - lib.remediator - [32mINFO[0m - ⚙️  Executing script with 180s timeout...
2025-12-26 06:53:58 - paramiko.transport.sftp - [32mINFO[0m - [chan 124] Opened sftp connection (server version 3)
2025-12-26 06:53:59 - paramiko.transport.sftp - [32mINFO[0m - [chan 124] sftp session closed.
2025-12-26 06:54:01 - lib.remediator - [33mWARNING[0m - ⚠️  Rule UBTU-24-100110: Remediation FAILED (exit code 1)
2025-12-26 06:54:01 - lib.remediator - [32mINFO[0m - ================================================================================

2025-12-26 06:54:03 - lib.remediator - [32mINFO[0m - 
[4/23] Processing rule: UBTU-24-100120
2025-12-26 06:54:03 - lib.remediator - [32mINFO[0m - 🔄 Remediation attempt 1/3 for UBTU-24-100120
2025-12-26 06:54:03 - lib.remediator - [32mINFO[0m - 
================================================================================
2025-12-26 06:54:03 - lib.remediator - [32mINFO[0m - 🔧 REMEDIATING RULE: UBTU-24-100120
2025-12-26 06:54:03 - lib.remediator - [32mINFO[0m -    Title: AIDE must use default script to run periodically
2025-12-26 06:54:03 - lib.remediator - [32mINFO[0m -    Severity: medium
2025-12-26 06:54:03 - lib.remediator - [32mINFO[0m -    Category: integrity
2025-12-26 06:54:03 - lib.remediator - [32mINFO[0m - ================================================================================
2025-12-26 06:54:03 - lib.remediator - [32mINFO[0m - ⚙️  Executing script with 180s timeout...
2025-12-26 06:54:04 - paramiko.transport.sftp - [32mINFO[0m - [chan 127] Opened sftp connection (server version 3)
2025-12-26 06:54:05 - paramiko.transport.sftp - [32mINFO[0m - [chan 127] sftp session closed.
2025-12-26 06:54:07 - lib.remediator - [32mINFO[0m - ✅ Rule UBTU-24-100120: Remediation SUCCESS
2025-12-26 06:54:07 - lib.remediator - [32mINFO[0m - ================================================================================

2025-12-26 06:54:09 - lib.remediator - [32mINFO[0m - 
[5/23] Processing rule: UBTU-24-100130
2025-12-26 06:54:09 - lib.remediator - [32mINFO[0m - 🔄 Remediation attempt 1/3 for UBTU-24-100130
2025-12-26 06:54:09 - lib.remediator - [32mINFO[0m - 
================================================================================
2025-12-26 06:54:09 - lib.remediator - [32mINFO[0m - 🔧 REMEDIATING RULE: UBTU-24-100130
2025-12-26 06:54:09 - lib.remediator - [32mINFO[0m -    Title: AIDE must send alerts when baseline is changed
2025-12-26 06:54:09 - lib.remediator - [32mINFO[0m -    Severity: medium
2025-12-26 06:54:09 - lib.remediator - [32mINFO[0m -    Category: integrity
2025-12-26 06:54:09 - lib.remediator - [32mINFO[0m - ================================================================================
2025-12-26 06:54:09 - lib.remediator - [32mINFO[0m - ⚙️  Executing script with 180s timeout...
2025-12-26 06:54:10 - paramiko.transport.sftp - [32mINFO[0m - [chan 130] Opened sftp connection (server version 3)
2025-12-26 06:54:11 - paramiko.transport.sftp - [32mINFO[0m - [chan 130] sftp session closed.
2025-12-26 06:54:13 - lib.remediator - [33mWARNING[0m - ⚠️  Rule UBTU-24-100130: Remediation FAILED (exit code 1)
2025-12-26 06:54:13 - lib.remediator - [32mINFO[0m - ================================================================================

2025-12-26 06:54:13 - lib.remediator - [32mINFO[0m - ⏳ Waiting 5s before retry...
2025-12-26 06:54:18 - lib.remediator - [32mINFO[0m - 🔄 Remediation attempt 2/3 for UBTU-24-100130
2025-12-26 06:54:18 - lib.remediator - [32mINFO[0m - 
================================================================================
2025-12-26 06:54:18 - lib.remediator - [32mINFO[0m - 🔧 REMEDIATING RULE: UBTU-24-100130
2025-12-26 06:54:18 - lib.remediator - [32mINFO[0m -    Title: AIDE must send alerts when baseline is changed
2025-12-26 06:54:18 - lib.remediator - [32mINFO[0m -    Severity: medium
2025-12-26 06:54:18 - lib.remediator - [32mINFO[0m -    Category: integrity
2025-12-26 06:54:18 - lib.remediator - [32mINFO[0m - ================================================================================
2025-12-26 06:54:18 - lib.remediator - [32mINFO[0m - ⚙️  Executing script with 180s timeout...
2025-12-26 06:54:19 - paramiko.transport.sftp - [32mINFO[0m - [chan 133] Opened sftp connection (server version 3)
2025-12-26 06:54:20 - paramiko.transport.sftp - [32mINFO[0m - [chan 133] sftp session closed.
2025-12-26 06:54:22 - lib.remediator - [33mWARNING[0m - ⚠️  Rule UBTU-24-100130: Remediation FAILED (exit code 1)
2025-12-26 06:54:22 - lib.remediator - [32mINFO[0m - ================================================================================

2025-12-26 06:54:22 - lib.remediator - [32mINFO[0m - ⏳ Waiting 5s before retry...
2025-12-26 06:54:27 - lib.remediator - [32mINFO[0m - 🔄 Remediation attempt 3/3 for UBTU-24-100130
2025-12-26 06:54:27 - lib.remediator - [32mINFO[0m - 
================================================================================
2025-12-26 06:54:27 - lib.remediator - [32mINFO[0m - 🔧 REMEDIATING RULE: UBTU-24-100130
2025-12-26 06:54:27 - lib.remediator - [32mINFO[0m -    Title: AIDE must send alerts when baseline is changed
2025-12-26 06:54:27 - lib.remediator - [32mINFO[0m -    Severity: medium
2025-12-26 06:54:27 - lib.remediator - [32mINFO[0m -    Category: integrity
2025-12-26 06:54:27 - lib.remediator - [32mINFO[0m - ================================================================================
2025-12-26 06:54:27 - lib.remediator - [32mINFO[0m - ⚙️  Executing script with 180s timeout...
2025-12-26 06:54:28 - paramiko.transport.sftp - [32mINFO[0m - [chan 136] Opened sftp connection (server version 3)
2025-12-26 06:54:29 - paramiko.transport.sftp - [32mINFO[0m - [chan 136] sftp session closed.
2025-12-26 06:54:31 - lib.remediator - [33mWARNING[0m - ⚠️  Rule UBTU-24-100130: Remediation FAILED (exit code 1)
2025-12-26 06:54:31 - lib.remediator - [32mINFO[0m - ================================================================================

2025-12-26 06:54:33 - lib.remediator - [32mINFO[0m - 
[6/23] Processing rule: UBTU-24-100310
2025-12-26 06:54:33 - lib.remediator - [32mINFO[0m - 🔄 Remediation attempt 1/3 for UBTU-24-100310
2025-12-26 06:54:33 - lib.remediator - [32mINFO[0m - 
================================================================================
2025-12-26 06:54:33 - lib.remediator - [32mINFO[0m - 🔧 REMEDIATING RULE: UBTU-24-100310
2025-12-26 06:54:33 - lib.remediator - [32mINFO[0m -    Title: Uncomplicated Firewall (UFW) must be in active state
2025-12-26 06:54:33 - lib.remediator - [32mINFO[0m -    Severity: high
2025-12-26 06:54:33 - lib.remediator - [32mINFO[0m -    Category: network_security
2025-12-26 06:54:33 - lib.remediator - [32mINFO[0m - ================================================================================
2025-12-26 06:54:33 - lib.remediator - [32mINFO[0m - ⚙️  Executing script with 180s timeout...
2025-12-26 06:54:34 - paramiko.transport.sftp - [32mINFO[0m - [chan 139] Opened sftp connection (server version 3)
2025-12-26 06:54:36 - paramiko.transport.sftp - [32mINFO[0m - [chan 139] sftp session closed.
2025-12-26 06:54:38 - lib.remediator - [33mWARNING[0m - ⚠️  Rule UBTU-24-100310: Remediation FAILED (exit code 1)
2025-12-26 06:54:38 - lib.remediator - [33mWARNING[0m -    Error: ERROR: You need to be root to run this script
2025-12-26 06:54:38 - lib.remediator - [32mINFO[0m - ================================================================================

2025-12-26 06:54:38 - lib.remediator - [32mINFO[0m - ⏳ Waiting 5s before retry...
2025-12-26 06:54:43 - lib.remediator - [32mINFO[0m - 🔄 Remediation attempt 2/3 for UBTU-24-100310
2025-12-26 06:54:43 - lib.remediator - [32mINFO[0m - 
================================================================================
2025-12-26 06:54:43 - lib.remediator - [32mINFO[0m - 🔧 REMEDIATING RULE: UBTU-24-100310
2025-12-26 06:54:43 - lib.remediator - [32mINFO[0m -    Title: Uncomplicated Firewall (UFW) must be in active state
2025-12-26 06:54:43 - lib.remediator - [32mINFO[0m -    Severity: high
2025-12-26 06:54:43 - lib.remediator - [32mINFO[0m -    Category: network_security
2025-12-26 06:54:43 - lib.remediator - [32mINFO[0m - ================================================================================
2025-12-26 06:54:43 - lib.remediator - [32mINFO[0m - ⚙️  Executing script with 180s timeout...
2025-12-26 06:54:44 - paramiko.transport.sftp - [32mINFO[0m - [chan 142] Opened sftp connection (server version 3)
2025-12-26 06:54:45 - paramiko.transport.sftp - [32mINFO[0m - [chan 142] sftp session closed.
2025-12-26 06:54:47 - lib.remediator - [33mWARNING[0m - ⚠️  Rule UBTU-24-100310: Remediation FAILED (exit code 1)
2025-12-26 06:54:47 - lib.remediator - [33mWARNING[0m -    Error: ERROR: You need to be root to run this script
2025-12-26 06:54:47 - lib.remediator - [32mINFO[0m - ================================================================================

2025-12-26 06:54:47 - lib.remediator - [32mINFO[0m - ⏳ Waiting 5s before retry...
2025-12-26 06:54:52 - lib.remediator - [32mINFO[0m - 🔄 Remediation attempt 3/3 for UBTU-24-100310
2025-12-26 06:54:52 - lib.remediator - [32mINFO[0m - 
================================================================================
2025-12-26 06:54:52 - lib.remediator - [32mINFO[0m - 🔧 REMEDIATING RULE: UBTU-24-100310
2025-12-26 06:54:52 - lib.remediator - [32mINFO[0m -    Title: Uncomplicated Firewall (UFW) must be in active state
2025-12-26 06:54:52 - lib.remediator - [32mINFO[0m -    Severity: high
2025-12-26 06:54:52 - lib.remediator - [32mINFO[0m -    Category: network_security
2025-12-26 06:54:52 - lib.remediator - [32mINFO[0m - ================================================================================
2025-12-26 06:54:52 - lib.remediator - [32mINFO[0m - ⚙️  Executing script with 180s timeout...
2025-12-26 06:54:53 - paramiko.transport.sftp - [32mINFO[0m - [chan 145] Opened sftp connection (server version 3)
2025-12-26 06:54:55 - paramiko.transport.sftp - [32mINFO[0m - [chan 145] sftp session closed.
2025-12-26 06:54:57 - lib.remediator - [33mWARNING[0m - ⚠️  Rule UBTU-24-100310: Remediation FAILED (exit code 1)
2025-12-26 06:54:57 - lib.remediator - [33mWARNING[0m -    Error: ERROR: You need to be root to run this script
2025-12-26 06:54:57 - lib.remediator - [32mINFO[0m - ================================================================================

2025-12-26 06:54:59 - lib.remediator - [32mINFO[0m - 
[7/23] Processing rule: UBTU-24-100400
2025-12-26 06:54:59 - lib.remediator - [32mINFO[0m - 🔄 Remediation attempt 1/3 for UBTU-24-100400
2025-12-26 06:54:59 - lib.remediator - [32mINFO[0m - 
================================================================================
2025-12-26 06:54:59 - lib.remediator - [32mINFO[0m - 🔧 REMEDIATING RULE: UBTU-24-100400
2025-12-26 06:54:59 - lib.remediator - [32mINFO[0m -    Title: Must install auditd service
2025-12-26 06:54:59 - lib.remediator - [32mINFO[0m -    Severity: high
2025-12-26 06:54:59 - lib.remediator - [32mINFO[0m -    Category: auditing
2025-12-26 06:54:59 - lib.remediator - [32mINFO[0m - ================================================================================
2025-12-26 06:54:59 - lib.remediator - [32mINFO[0m - ⚙️  Executing script with 180s timeout...
2025-12-26 06:55:00 - paramiko.transport.sftp - [32mINFO[0m - [chan 148] Opened sftp connection (server version 3)
2025-12-26 06:55:01 - paramiko.transport.sftp - [32mINFO[0m - [chan 148] sftp session closed.
2025-12-26 06:55:03 - lib.remediator - [33mWARNING[0m - ⚠️  Rule UBTU-24-100400: Remediation FAILED (exit code 1)
2025-12-26 06:55:03 - lib.remediator - [32mINFO[0m - ================================================================================

2025-12-26 06:55:03 - lib.remediator - [32mINFO[0m - ⏳ Waiting 5s before retry...
2025-12-26 06:55:08 - lib.remediator - [32mINFO[0m - 🔄 Remediation attempt 2/3 for UBTU-24-100400
2025-12-26 06:55:08 - lib.remediator - [32mINFO[0m - 
================================================================================
2025-12-26 06:55:08 - lib.remediator - [32mINFO[0m - 🔧 REMEDIATING RULE: UBTU-24-100400
2025-12-26 06:55:08 - lib.remediator - [32mINFO[0m -    Title: Must install auditd service
2025-12-26 06:55:08 - lib.remediator - [32mINFO[0m -    Severity: high
2025-12-26 06:55:08 - lib.remediator - [32mINFO[0m -    Category: auditing
2025-12-26 06:55:08 - lib.remediator - [32mINFO[0m - ================================================================================
2025-12-26 06:55:08 - lib.remediator - [32mINFO[0m - ⚙️  Executing script with 180s timeout...
2025-12-26 06:55:09 - paramiko.transport.sftp - [32mINFO[0m - [chan 151] Opened sftp connection (server version 3)
2025-12-26 06:55:10 - paramiko.transport.sftp - [32mINFO[0m - [chan 151] sftp session closed.
2025-12-26 06:55:12 - lib.remediator - [33mWARNING[0m - ⚠️  Rule UBTU-24-100400: Remediation FAILED (exit code 1)
2025-12-26 06:55:12 - lib.remediator - [32mINFO[0m - ================================================================================

2025-12-26 06:55:12 - lib.remediator - [32mINFO[0m - ⏳ Waiting 5s before retry...
2025-12-26 06:55:17 - lib.remediator - [32mINFO[0m - 🔄 Remediation attempt 3/3 for UBTU-24-100400
2025-12-26 06:55:17 - lib.remediator - [32mINFO[0m - 
================================================================================
2025-12-26 06:55:17 - lib.remediator - [32mINFO[0m - 🔧 REMEDIATING RULE: UBTU-24-100400
2025-12-26 06:55:17 - lib.remediator - [32mINFO[0m -    Title: Must install auditd service
2025-12-26 06:55:17 - lib.remediator - [32mINFO[0m -    Severity: high
2025-12-26 06:55:17 - lib.remediator - [32mINFO[0m -    Category: auditing
2025-12-26 06:55:17 - lib.remediator - [32mINFO[0m - ================================================================================
2025-12-26 06:55:17 - lib.remediator - [32mINFO[0m - ⚙️  Executing script with 180s timeout...
2025-12-26 06:55:18 - paramiko.transport.sftp - [32mINFO[0m - [chan 154] Opened sftp connection (server version 3)
2025-12-26 06:55:19 - paramiko.transport.sftp - [32mINFO[0m - [chan 154] sftp session closed.
2025-12-26 06:55:21 - lib.remediator - [33mWARNING[0m - ⚠️  Rule UBTU-24-100400: Remediation FAILED (exit code 1)
2025-12-26 06:55:21 - lib.remediator - [32mINFO[0m - ================================================================================

2025-12-26 06:55:23 - lib.remediator - [32mINFO[0m - 
[8/23] Processing rule: UBTU-24-100410
2025-12-26 06:55:23 - lib.remediator - [32mINFO[0m - 🔄 Remediation attempt 1/3 for UBTU-24-100410
2025-12-26 06:55:23 - lib.remediator - [32mINFO[0m - 
================================================================================
2025-12-26 06:55:23 - lib.remediator - [32mINFO[0m - 🔧 REMEDIATING RULE: UBTU-24-100410
2025-12-26 06:55:23 - lib.remediator - [32mINFO[0m -    Title: Auditd service must be enabled and active at boot
2025-12-26 06:55:23 - lib.remediator - [32mINFO[0m -    Severity: high
2025-12-26 06:55:23 - lib.remediator - [32mINFO[0m -    Category: auditing
2025-12-26 06:55:23 - lib.remediator - [32mINFO[0m - ================================================================================
2025-12-26 06:55:23 - lib.remediator - [32mINFO[0m - ⚙️  Executing script with 180s timeout...
2025-12-26 06:55:24 - paramiko.transport.sftp - [32mINFO[0m - [chan 157] Opened sftp connection (server version 3)
2025-12-26 06:55:25 - paramiko.transport.sftp - [32mINFO[0m - [chan 157] sftp session closed.
2025-12-26 06:55:27 - lib.remediator - [33mWARNING[0m - ⚠️  Rule UBTU-24-100410: Remediation FAILED (exit code 1)
2025-12-26 06:55:27 - lib.remediator - [32mINFO[0m - ================================================================================

2025-12-26 06:55:27 - lib.remediator - [32mINFO[0m - ⏳ Waiting 5s before retry...
2025-12-26 06:55:32 - lib.remediator - [32mINFO[0m - 🔄 Remediation attempt 2/3 for UBTU-24-100410
2025-12-26 06:55:32 - lib.remediator - [32mINFO[0m - 
================================================================================
2025-12-26 06:55:32 - lib.remediator - [32mINFO[0m - 🔧 REMEDIATING RULE: UBTU-24-100410
2025-12-26 06:55:32 - lib.remediator - [32mINFO[0m -    Title: Auditd service must be enabled and active at boot
2025-12-26 06:55:32 - lib.remediator - [32mINFO[0m -    Severity: high
2025-12-26 06:55:32 - lib.remediator - [32mINFO[0m -    Category: auditing
2025-12-26 06:55:32 - lib.remediator - [32mINFO[0m - ================================================================================
2025-12-26 06:55:32 - lib.remediator - [32mINFO[0m - ⚙️  Executing script with 180s timeout...
2025-12-26 06:55:33 - paramiko.transport.sftp - [32mINFO[0m - [chan 160] Opened sftp connection (server version 3)
2025-12-26 06:55:34 - paramiko.transport.sftp - [32mINFO[0m - [chan 160] sftp session closed.
2025-12-26 06:55:36 - lib.remediator - [33mWARNING[0m - ⚠️  Rule UBTU-24-100410: Remediation FAILED (exit code 1)
2025-12-26 06:55:36 - lib.remediator - [32mINFO[0m - ================================================================================

2025-12-26 06:55:36 - lib.remediator - [32mINFO[0m - ⏳ Waiting 5s before retry...
2025-12-26 06:55:41 - lib.remediator - [32mINFO[0m - 🔄 Remediation attempt 3/3 for UBTU-24-100410
2025-12-26 06:55:41 - lib.remediator - [32mINFO[0m - 
================================================================================
2025-12-26 06:55:41 - lib.remediator - [32mINFO[0m - 🔧 REMEDIATING RULE: UBTU-24-100410
2025-12-26 06:55:41 - lib.remediator - [32mINFO[0m -    Title: Auditd service must be enabled and active at boot
2025-12-26 06:55:41 - lib.remediator - [32mINFO[0m -    Severity: high
2025-12-26 06:55:41 - lib.remediator - [32mINFO[0m -    Category: auditing
2025-12-26 06:55:41 - lib.remediator - [32mINFO[0m - ================================================================================
2025-12-26 06:55:41 - lib.remediator - [32mINFO[0m - ⚙️  Executing script with 180s timeout...
2025-12-26 06:55:42 - paramiko.transport.sftp - [32mINFO[0m - [chan 163] Opened sftp connection (server version 3)
2025-12-26 06:55:43 - paramiko.transport.sftp - [32mINFO[0m - [chan 163] sftp session closed.
2025-12-26 06:55:45 - lib.remediator - [33mWARNING[0m - ⚠️  Rule UBTU-24-100410: Remediation FAILED (exit code 1)
2025-12-26 06:55:45 - lib.remediator - [32mINFO[0m - ================================================================================

2025-12-26 06:55:47 - lib.remediator - [32mINFO[0m - 
[9/23] Processing rule: UBTU-24-100450
2025-12-26 06:55:47 - lib.remediator - [32mINFO[0m - 🔄 Remediation attempt 1/3 for UBTU-24-100450
2025-12-26 06:55:47 - lib.remediator - [32mINFO[0m - 
================================================================================
2025-12-26 06:55:47 - lib.remediator - [32mINFO[0m - 🔧 REMEDIATING RULE: UBTU-24-100450
2025-12-26 06:55:47 - lib.remediator - [32mINFO[0m -    Title: Audispd must offload audit records to remote server
2025-12-26 06:55:47 - lib.remediator - [32mINFO[0m -    Severity: high
2025-12-26 06:55:47 - lib.remediator - [32mINFO[0m -    Category: auditing
2025-12-26 06:55:47 - lib.remediator - [32mINFO[0m - ================================================================================
2025-12-26 06:55:47 - lib.remediator - [32mINFO[0m - ⚙️  Executing script with 180s timeout...
2025-12-26 06:55:48 - paramiko.transport.sftp - [32mINFO[0m - [chan 166] Opened sftp connection (server version 3)
2025-12-26 06:55:49 - paramiko.transport.sftp - [32mINFO[0m - [chan 166] sftp session closed.
2025-12-26 06:55:51 - lib.remediator - [32mINFO[0m - ✅ Rule UBTU-24-100450: Remediation SUCCESS
2025-12-26 06:55:51 - lib.remediator - [32mINFO[0m - ================================================================================

2025-12-26 06:55:53 - lib.remediator - [32mINFO[0m - 
[10/23] Processing rule: UBTU-24-100600
2025-12-26 06:55:53 - lib.remediator - [32mINFO[0m - 🔄 Remediation attempt 1/3 for UBTU-24-100600
2025-12-26 06:55:53 - lib.remediator - [32mINFO[0m - 
================================================================================
2025-12-26 06:55:53 - lib.remediator - [32mINFO[0m - 🔧 REMEDIATING RULE: UBTU-24-100600
2025-12-26 06:55:53 - lib.remediator - [32mINFO[0m -    Title: OS must install libpam-pwquality package
2025-12-26 06:55:53 - lib.remediator - [32mINFO[0m -    Severity: high
2025-12-26 06:55:53 - lib.remediator - [32mINFO[0m -    Category: authentication
2025-12-26 06:55:53 - lib.remediator - [32mINFO[0m - ================================================================================
2025-12-26 06:55:53 - lib.remediator - [32mINFO[0m - ⚙️  Executing script with 180s timeout...
2025-12-26 06:55:54 - paramiko.transport.sftp - [32mINFO[0m - [chan 169] Opened sftp connection (server version 3)
2025-12-26 06:55:55 - paramiko.transport.sftp - [32mINFO[0m - [chan 169] sftp session closed.
2025-12-26 06:55:57 - lib.remediator - [33mWARNING[0m - ⚠️  Rule UBTU-24-100600: Remediation FAILED (exit code 100)
2025-12-26 06:55:57 - lib.remediator - [33mWARNING[0m -    Error: E: Could not open lock file /var/lib/apt/lists/lock - open (13: Permission denied)
2025-12-26 06:55:57 - lib.remediator - [32mINFO[0m - ================================================================================

2025-12-26 06:55:57 - lib.remediator - [32mINFO[0m - ⏳ Waiting 5s before retry...
2025-12-26 06:56:02 - lib.remediator - [32mINFO[0m - 🔄 Remediation attempt 2/3 for UBTU-24-100600
2025-12-26 06:56:02 - lib.remediator - [32mINFO[0m - 
================================================================================
2025-12-26 06:56:02 - lib.remediator - [32mINFO[0m - 🔧 REMEDIATING RULE: UBTU-24-100600
2025-12-26 06:56:02 - lib.remediator - [32mINFO[0m -    Title: OS must install libpam-pwquality package
2025-12-26 06:56:02 - lib.remediator - [32mINFO[0m -    Severity: high
2025-12-26 06:56:02 - lib.remediator - [32mINFO[0m -    Category: authentication
2025-12-26 06:56:02 - lib.remediator - [32mINFO[0m - ================================================================================
2025-12-26 06:56:02 - lib.remediator - [32mINFO[0m - ⚙️  Executing script with 180s timeout...
2025-12-26 06:56:03 - paramiko.transport.sftp - [32mINFO[0m - [chan 172] Opened sftp connection (server version 3)
2025-12-26 06:56:04 - paramiko.transport.sftp - [32mINFO[0m - [chan 172] sftp session closed.
2025-12-26 06:56:06 - lib.remediator - [33mWARNING[0m - ⚠️  Rule UBTU-24-100600: Remediation FAILED (exit code 100)
2025-12-26 06:56:06 - lib.remediator - [33mWARNING[0m -    Error: E: Could not open lock file /var/lib/apt/lists/lock - open (13: Permission denied)
2025-12-26 06:56:06 - lib.remediator - [32mINFO[0m - ================================================================================

2025-12-26 06:56:06 - lib.remediator - [32mINFO[0m - ⏳ Waiting 5s before retry...
2025-12-26 06:56:11 - lib.remediator - [32mINFO[0m - 🔄 Remediation attempt 3/3 for UBTU-24-100600
2025-12-26 06:56:11 - lib.remediator - [32mINFO[0m - 
================================================================================
2025-12-26 06:56:11 - lib.remediator - [32mINFO[0m - 🔧 REMEDIATING RULE: UBTU-24-100600
2025-12-26 06:56:11 - lib.remediator - [32mINFO[0m -    Title: OS must install libpam-pwquality package
2025-12-26 06:56:11 - lib.remediator - [32mINFO[0m -    Severity: high
2025-12-26 06:56:11 - lib.remediator - [32mINFO[0m -    Category: authentication
2025-12-26 06:56:11 - lib.remediator - [32mINFO[0m - ================================================================================
2025-12-26 06:56:11 - lib.remediator - [32mINFO[0m - ⚙️  Executing script with 180s timeout...
2025-12-26 06:56:12 - paramiko.transport.sftp - [32mINFO[0m - [chan 175] Opened sftp connection (server version 3)
2025-12-26 06:56:13 - paramiko.transport.sftp - [32mINFO[0m - [chan 175] sftp session closed.
2025-12-26 06:56:15 - lib.remediator - [33mWARNING[0m - ⚠️  Rule UBTU-24-100600: Remediation FAILED (exit code 100)
2025-12-26 06:56:15 - lib.remediator - [33mWARNING[0m -    Error: E: Could not open lock file /var/lib/apt/lists/lock - open (13: Permission denied)
2025-12-26 06:56:15 - lib.remediator - [32mINFO[0m - ================================================================================

2025-12-26 06:56:17 - lib.remediator - [32mINFO[0m - 
[11/23] Processing rule: UBTU-24-100650
2025-12-26 06:56:17 - lib.remediator - [32mINFO[0m - 🔄 Remediation attempt 1/3 for UBTU-24-100650
2025-12-26 06:56:17 - lib.remediator - [32mINFO[0m - 
================================================================================
2025-12-26 06:56:17 - lib.remediator - [32mINFO[0m - 🔧 REMEDIATING RULE: UBTU-24-100650
2025-12-26 06:56:17 - lib.remediator - [32mINFO[0m -    Title: OS must install sssd package
2025-12-26 06:56:17 - lib.remediator - [32mINFO[0m -    Severity: high
2025-12-26 06:56:17 - lib.remediator - [32mINFO[0m -    Category: authentication
2025-12-26 06:56:17 - lib.remediator - [32mINFO[0m - ================================================================================
2025-12-26 06:56:17 - lib.remediator - [32mINFO[0m - ⚙️  Executing script with 180s timeout...
2025-12-26 06:56:18 - paramiko.transport.sftp - [32mINFO[0m - [chan 178] Opened sftp connection (server version 3)
2025-12-26 06:56:19 - paramiko.transport.sftp - [32mINFO[0m - [chan 178] sftp session closed.
2025-12-26 06:56:21 - lib.remediator - [33mWARNING[0m - ⚠️  Rule UBTU-24-100650: Remediation FAILED (exit code 100)
2025-12-26 06:56:21 - lib.remediator - [33mWARNING[0m -    Error: E: Could not open lock file /var/lib/apt/lists/lock - open (13: Permission denied)
2025-12-26 06:56:21 - lib.remediator - [32mINFO[0m - ================================================================================

2025-12-26 06:56:21 - lib.remediator - [32mINFO[0m - ⏳ Waiting 5s before retry...
2025-12-26 06:56:26 - lib.remediator - [32mINFO[0m - 🔄 Remediation attempt 2/3 for UBTU-24-100650
2025-12-26 06:56:26 - lib.remediator - [32mINFO[0m - 
================================================================================
2025-12-26 06:56:26 - lib.remediator - [32mINFO[0m - 🔧 REMEDIATING RULE: UBTU-24-100650
2025-12-26 06:56:26 - lib.remediator - [32mINFO[0m -    Title: OS must install sssd package
2025-12-26 06:56:26 - lib.remediator - [32mINFO[0m -    Severity: high
2025-12-26 06:56:26 - lib.remediator - [32mINFO[0m -    Category: authentication
2025-12-26 06:56:26 - lib.remediator - [32mINFO[0m - ================================================================================
2025-12-26 06:56:26 - lib.remediator - [32mINFO[0m - ⚙️  Executing script with 180s timeout...
2025-12-26 06:56:27 - paramiko.transport.sftp - [32mINFO[0m - [chan 181] Opened sftp connection (server version 3)
2025-12-26 06:56:29 - paramiko.transport.sftp - [32mINFO[0m - [chan 181] sftp session closed.
2025-12-26 06:56:30 - lib.remediator - [33mWARNING[0m - ⚠️  Rule UBTU-24-100650: Remediation FAILED (exit code 100)
2025-12-26 06:56:30 - lib.remediator - [33mWARNING[0m -    Error: E: Could not open lock file /var/lib/apt/lists/lock - open (13: Permission denied)
2025-12-26 06:56:30 - lib.remediator - [32mINFO[0m - ================================================================================

2025-12-26 06:56:30 - lib.remediator - [32mINFO[0m - ⏳ Waiting 5s before retry...
2025-12-26 06:56:35 - lib.remediator - [32mINFO[0m - 🔄 Remediation attempt 3/3 for UBTU-24-100650
2025-12-26 06:56:35 - lib.remediator - [32mINFO[0m - 
================================================================================
2025-12-26 06:56:35 - lib.remediator - [32mINFO[0m - 🔧 REMEDIATING RULE: UBTU-24-100650
2025-12-26 06:56:35 - lib.remediator - [32mINFO[0m -    Title: OS must install sssd package
2025-12-26 06:56:35 - lib.remediator - [32mINFO[0m -    Severity: high
2025-12-26 06:56:35 - lib.remediator - [32mINFO[0m -    Category: authentication
2025-12-26 06:56:35 - lib.remediator - [32mINFO[0m - ================================================================================
2025-12-26 06:56:35 - lib.remediator - [32mINFO[0m - ⚙️  Executing script with 180s timeout...
2025-12-26 06:56:37 - paramiko.transport.sftp - [32mINFO[0m - [chan 184] Opened sftp connection (server version 3)
2025-12-26 06:56:38 - paramiko.transport.sftp - [32mINFO[0m - [chan 184] sftp session closed.
2025-12-26 06:56:40 - lib.remediator - [33mWARNING[0m - ⚠️  Rule UBTU-24-100650: Remediation FAILED (exit code 100)
2025-12-26 06:56:40 - lib.remediator - [33mWARNING[0m -    Error: E: Could not open lock file /var/lib/apt/lists/lock - open (13: Permission denied)
2025-12-26 06:56:40 - lib.remediator - [32mINFO[0m - ================================================================================

2025-12-26 06:56:42 - lib.remediator - [32mINFO[0m - 
[12/23] Processing rule: UBTU-24-100660
2025-12-26 06:56:42 - lib.remediator - [32mINFO[0m - 🔄 Remediation attempt 1/3 for UBTU-24-100660
2025-12-26 06:56:42 - lib.remediator - [32mINFO[0m - 
================================================================================
2025-12-26 06:56:42 - lib.remediator - [32mINFO[0m - 🔧 REMEDIATING RULE: UBTU-24-100660
2025-12-26 06:56:42 - lib.remediator - [32mINFO[0m -    Title: OS must use sssd to provide multifactor authentication (MFA)
2025-12-26 06:56:42 - lib.remediator - [32mINFO[0m -    Severity: high
2025-12-26 06:56:42 - lib.remediator - [32mINFO[0m -    Category: authentication
2025-12-26 06:56:42 - lib.remediator - [32mINFO[0m - ================================================================================
2025-12-26 06:56:42 - lib.remediator - [32mINFO[0m - ⚙️  Executing script with 180s timeout...
2025-12-26 06:56:43 - paramiko.transport.sftp - [32mINFO[0m - [chan 187] Opened sftp connection (server version 3)
2025-12-26 06:56:44 - paramiko.transport.sftp - [32mINFO[0m - [chan 187] sftp session closed.
2025-12-26 06:56:46 - lib.remediator - [32mINFO[0m - ✅ Rule UBTU-24-100660: Remediation SUCCESS
2025-12-26 06:56:46 - lib.remediator - [32mINFO[0m - ================================================================================

2025-12-26 06:56:48 - lib.remediator - [32mINFO[0m - 
[13/23] Processing rule: UBTU-24-100810
2025-12-26 06:56:48 - lib.remediator - [32mINFO[0m - 🔄 Remediation attempt 1/3 for UBTU-24-100810
2025-12-26 06:56:48 - lib.remediator - [32mINFO[0m - 
================================================================================
2025-12-26 06:56:48 - lib.remediator - [32mINFO[0m - 🔧 REMEDIATING RULE: UBTU-24-100810
2025-12-26 06:56:48 - lib.remediator - [32mINFO[0m -    Title: OS must use SSH to protect confidentiality and integrity of information
2025-12-26 06:56:48 - lib.remediator - [32mINFO[0m -    Severity: high
2025-12-26 06:56:48 - lib.remediator - [32mINFO[0m -    Category: secure_communication
2025-12-26 06:56:48 - lib.remediator - [32mINFO[0m - ================================================================================
2025-12-26 06:56:48 - lib.remediator - [32mINFO[0m - ⚙️  Executing script with 180s timeout...
2025-12-26 06:56:49 - paramiko.transport.sftp - [32mINFO[0m - [chan 190] Opened sftp connection (server version 3)
2025-12-26 06:56:50 - paramiko.transport.sftp - [32mINFO[0m - [chan 190] sftp session closed.
2025-12-26 06:56:53 - lib.remediator - [33mWARNING[0m - ⚠️  Rule UBTU-24-100810: Remediation FAILED (exit code 1)
2025-12-26 06:56:53 - lib.remediator - [32mINFO[0m - ================================================================================

2025-12-26 06:56:53 - lib.remediator - [32mINFO[0m - ⏳ Waiting 5s before retry...
2025-12-26 06:56:58 - lib.remediator - [32mINFO[0m - 🔄 Remediation attempt 2/3 for UBTU-24-100810
2025-12-26 06:56:58 - lib.remediator - [32mINFO[0m - 
================================================================================
2025-12-26 06:56:58 - lib.remediator - [32mINFO[0m - 🔧 REMEDIATING RULE: UBTU-24-100810
2025-12-26 06:56:58 - lib.remediator - [32mINFO[0m -    Title: OS must use SSH to protect confidentiality and integrity of information
2025-12-26 06:56:58 - lib.remediator - [32mINFO[0m -    Severity: high
2025-12-26 06:56:58 - lib.remediator - [32mINFO[0m -    Category: secure_communication
2025-12-26 06:56:58 - lib.remediator - [32mINFO[0m - ================================================================================
2025-12-26 06:56:58 - lib.remediator - [32mINFO[0m - ⚙️  Executing script with 180s timeout...
2025-12-26 06:56:59 - paramiko.transport.sftp - [32mINFO[0m - [chan 193] Opened sftp connection (server version 3)
2025-12-26 06:57:00 - paramiko.transport.sftp - [32mINFO[0m - [chan 193] sftp session closed.
2025-12-26 06:57:03 - lib.remediator - [33mWARNING[0m - ⚠️  Rule UBTU-24-100810: Remediation FAILED (exit code 1)
2025-12-26 06:57:03 - lib.remediator - [32mINFO[0m - ================================================================================

2025-12-26 06:57:03 - lib.remediator - [32mINFO[0m - ⏳ Waiting 5s before retry...
2025-12-26 06:57:08 - lib.remediator - [32mINFO[0m - 🔄 Remediation attempt 3/3 for UBTU-24-100810
2025-12-26 06:57:08 - lib.remediator - [32mINFO[0m - 
================================================================================
2025-12-26 06:57:08 - lib.remediator - [32mINFO[0m - 🔧 REMEDIATING RULE: UBTU-24-100810
2025-12-26 06:57:08 - lib.remediator - [32mINFO[0m -    Title: OS must use SSH to protect confidentiality and integrity of information
2025-12-26 06:57:08 - lib.remediator - [32mINFO[0m -    Severity: high
2025-12-26 06:57:08 - lib.remediator - [32mINFO[0m -    Category: secure_communication
2025-12-26 06:57:08 - lib.remediator - [32mINFO[0m - ================================================================================
2025-12-26 06:57:08 - lib.remediator - [32mINFO[0m - ⚙️  Executing script with 180s timeout...
2025-12-26 06:57:09 - paramiko.transport.sftp - [32mINFO[0m - [chan 196] Opened sftp connection (server version 3)
2025-12-26 06:57:10 - paramiko.transport.sftp - [32mINFO[0m - [chan 196] sftp session closed.
2025-12-26 06:57:13 - lib.remediator - [33mWARNING[0m - ⚠️  Rule UBTU-24-100810: Remediation FAILED (exit code 1)
2025-12-26 06:57:13 - lib.remediator - [32mINFO[0m - ================================================================================

2025-12-26 06:57:15 - lib.remediator - [32mINFO[0m - 
[14/23] Processing rule: UBTU-24-100820
2025-12-26 06:57:15 - lib.remediator - [32mINFO[0m - 🔄 Remediation attempt 1/3 for UBTU-24-100820
2025-12-26 06:57:15 - lib.remediator - [32mINFO[0m - 
================================================================================
2025-12-26 06:57:15 - lib.remediator - [32mINFO[0m - 🔧 REMEDIATING RULE: UBTU-24-100820
2025-12-26 06:57:15 - lib.remediator - [32mINFO[0m -    Title: OS must configure SSH daemon to use FIPS 140-3 approved ciphers
2025-12-26 06:57:15 - lib.remediator - [32mINFO[0m -    Severity: high
2025-12-26 06:57:15 - lib.remediator - [32mINFO[0m -    Category: secure_communication
2025-12-26 06:57:15 - lib.remediator - [32mINFO[0m - ================================================================================
2025-12-26 06:57:15 - lib.remediator - [32mINFO[0m - ⚙️  Executing script with 180s timeout...
2025-12-26 06:57:16 - paramiko.transport.sftp - [32mINFO[0m - [chan 199] Opened sftp connection (server version 3)
2025-12-26 06:57:17 - paramiko.transport.sftp - [32mINFO[0m - [chan 199] sftp session closed.
2025-12-26 06:57:19 - lib.remediator - [33mWARNING[0m - ⚠️  Rule UBTU-24-100820: Remediation FAILED (exit code 1)
2025-12-26 06:57:19 - lib.remediator - [33mWARNING[0m -    Error: cp: cannot create regular file '/etc/ssh/sshd_config.bak.20251225_235718': Permission denied
2025-12-26 06:57:19 - lib.remediator - [32mINFO[0m - ================================================================================

2025-12-26 06:57:19 - lib.remediator - [32mINFO[0m - ⏳ Waiting 5s before retry...
2025-12-26 06:57:24 - lib.remediator - [32mINFO[0m - 🔄 Remediation attempt 2/3 for UBTU-24-100820
2025-12-26 06:57:24 - lib.remediator - [32mINFO[0m - 
================================================================================
2025-12-26 06:57:24 - lib.remediator - [32mINFO[0m - 🔧 REMEDIATING RULE: UBTU-24-100820
2025-12-26 06:57:24 - lib.remediator - [32mINFO[0m -    Title: OS must configure SSH daemon to use FIPS 140-3 approved ciphers
2025-12-26 06:57:24 - lib.remediator - [32mINFO[0m -    Severity: high
2025-12-26 06:57:24 - lib.remediator - [32mINFO[0m -    Category: secure_communication
2025-12-26 06:57:24 - lib.remediator - [32mINFO[0m - ================================================================================
2025-12-26 06:57:24 - lib.remediator - [32mINFO[0m - ⚙️  Executing script with 180s timeout...
2025-12-26 06:57:25 - paramiko.transport.sftp - [32mINFO[0m - [chan 202] Opened sftp connection (server version 3)
2025-12-26 06:57:26 - paramiko.transport.sftp - [32mINFO[0m - [chan 202] sftp session closed.
2025-12-26 06:57:28 - lib.remediator - [33mWARNING[0m - ⚠️  Rule UBTU-24-100820: Remediation FAILED (exit code 1)
2025-12-26 06:57:28 - lib.remediator - [33mWARNING[0m -    Error: cp: cannot create regular file '/etc/ssh/sshd_config.bak.20251225_235727': Permission denied
2025-12-26 06:57:28 - lib.remediator - [32mINFO[0m - ================================================================================

2025-12-26 06:57:28 - lib.remediator - [32mINFO[0m - ⏳ Waiting 5s before retry...
2025-12-26 06:57:33 - lib.remediator - [32mINFO[0m - 🔄 Remediation attempt 3/3 for UBTU-24-100820
2025-12-26 06:57:33 - lib.remediator - [32mINFO[0m - 
================================================================================
2025-12-26 06:57:33 - lib.remediator - [32mINFO[0m - 🔧 REMEDIATING RULE: UBTU-24-100820
2025-12-26 06:57:33 - lib.remediator - [32mINFO[0m -    Title: OS must configure SSH daemon to use FIPS 140-3 approved ciphers
2025-12-26 06:57:33 - lib.remediator - [32mINFO[0m -    Severity: high
2025-12-26 06:57:33 - lib.remediator - [32mINFO[0m -    Category: secure_communication
2025-12-26 06:57:33 - lib.remediator - [32mINFO[0m - ================================================================================
2025-12-26 06:57:33 - lib.remediator - [32mINFO[0m - ⚙️  Executing script with 180s timeout...
2025-12-26 06:57:34 - paramiko.transport.sftp - [32mINFO[0m - [chan 205] Opened sftp connection (server version 3)
2025-12-26 06:57:35 - paramiko.transport.sftp - [32mINFO[0m - [chan 205] sftp session closed.
2025-12-26 06:57:37 - lib.remediator - [33mWARNING[0m - ⚠️  Rule UBTU-24-100820: Remediation FAILED (exit code 1)
2025-12-26 06:57:37 - lib.remediator - [33mWARNING[0m -    Error: cp: cannot create regular file '/etc/ssh/sshd_config.bak.20251225_235736': Permission denied
2025-12-26 06:57:37 - lib.remediator - [32mINFO[0m - ================================================================================

2025-12-26 06:57:39 - lib.remediator - [32mINFO[0m - 
[15/23] Processing rule: UBTU-24-100830
2025-12-26 06:57:39 - lib.remediator - [32mINFO[0m - 🔄 Remediation attempt 1/3 for UBTU-24-100830
2025-12-26 06:57:39 - lib.remediator - [32mINFO[0m - 
================================================================================
2025-12-26 06:57:39 - lib.remediator - [32mINFO[0m - 🔧 REMEDIATING RULE: UBTU-24-100830
2025-12-26 06:57:39 - lib.remediator - [32mINFO[0m -    Title: OS must configure SSH daemon to use FIPS 140-3 approved MACs
2025-12-26 06:57:39 - lib.remediator - [32mINFO[0m -    Severity: high
2025-12-26 06:57:39 - lib.remediator - [32mINFO[0m -    Category: secure_communication
2025-12-26 06:57:39 - lib.remediator - [32mINFO[0m - ================================================================================
2025-12-26 06:57:39 - lib.remediator - [32mINFO[0m - ⚙️  Executing script with 180s timeout...
2025-12-26 06:57:40 - paramiko.transport.sftp - [32mINFO[0m - [chan 208] Opened sftp connection (server version 3)
2025-12-26 06:57:41 - paramiko.transport.sftp - [32mINFO[0m - [chan 208] sftp session closed.
2025-12-26 06:57:43 - lib.remediator - [33mWARNING[0m - ⚠️  Rule UBTU-24-100830: Remediation FAILED (exit code 1)
2025-12-26 06:57:43 - lib.remediator - [33mWARNING[0m -    Error: cp: cannot create regular file '/etc/ssh/sshd_config.bak.20251225_235742': Permission denied
2025-12-26 06:57:43 - lib.remediator - [32mINFO[0m - ================================================================================

2025-12-26 06:57:43 - lib.remediator - [32mINFO[0m - ⏳ Waiting 5s before retry...
2025-12-26 06:57:48 - lib.remediator - [32mINFO[0m - 🔄 Remediation attempt 2/3 for UBTU-24-100830
2025-12-26 06:57:48 - lib.remediator - [32mINFO[0m - 
================================================================================
2025-12-26 06:57:48 - lib.remediator - [32mINFO[0m - 🔧 REMEDIATING RULE: UBTU-24-100830
2025-12-26 06:57:48 - lib.remediator - [32mINFO[0m -    Title: OS must configure SSH daemon to use FIPS 140-3 approved MACs
2025-12-26 06:57:48 - lib.remediator - [32mINFO[0m -    Severity: high
2025-12-26 06:57:48 - lib.remediator - [32mINFO[0m -    Category: secure_communication
2025-12-26 06:57:48 - lib.remediator - [32mINFO[0m - ================================================================================
2025-12-26 06:57:48 - lib.remediator - [32mINFO[0m - ⚙️  Executing script with 180s timeout...
2025-12-26 06:57:49 - paramiko.transport.sftp - [32mINFO[0m - [chan 211] Opened sftp connection (server version 3)
2025-12-26 06:57:50 - paramiko.transport.sftp - [32mINFO[0m - [chan 211] sftp session closed.
2025-12-26 06:57:52 - lib.remediator - [33mWARNING[0m - ⚠️  Rule UBTU-24-100830: Remediation FAILED (exit code 1)
2025-12-26 06:57:52 - lib.remediator - [33mWARNING[0m -    Error: cp: cannot create regular file '/etc/ssh/sshd_config.bak.20251225_235751': Permission denied
2025-12-26 06:57:52 - lib.remediator - [32mINFO[0m - ================================================================================

2025-12-26 06:57:52 - lib.remediator - [32mINFO[0m - ⏳ Waiting 5s before retry...
2025-12-26 06:57:57 - lib.remediator - [32mINFO[0m - 🔄 Remediation attempt 3/3 for UBTU-24-100830
2025-12-26 06:57:57 - lib.remediator - [32mINFO[0m - 
================================================================================
2025-12-26 06:57:57 - lib.remediator - [32mINFO[0m - 🔧 REMEDIATING RULE: UBTU-24-100830
2025-12-26 06:57:57 - lib.remediator - [32mINFO[0m -    Title: OS must configure SSH daemon to use FIPS 140-3 approved MACs
2025-12-26 06:57:57 - lib.remediator - [32mINFO[0m -    Severity: high
2025-12-26 06:57:57 - lib.remediator - [32mINFO[0m -    Category: secure_communication
2025-12-26 06:57:57 - lib.remediator - [32mINFO[0m - ================================================================================
2025-12-26 06:57:57 - lib.remediator - [32mINFO[0m - ⚙️  Executing script with 180s timeout...
2025-12-26 06:57:58 - paramiko.transport.sftp - [32mINFO[0m - [chan 214] Opened sftp connection (server version 3)
2025-12-26 06:57:59 - paramiko.transport.sftp - [32mINFO[0m - [chan 214] sftp session closed.
2025-12-26 06:58:01 - lib.remediator - [33mWARNING[0m - ⚠️  Rule UBTU-24-100830: Remediation FAILED (exit code 1)
2025-12-26 06:58:01 - lib.remediator - [33mWARNING[0m -    Error: cp: cannot create regular file '/etc/ssh/sshd_config.bak.20251225_235800': Permission denied
2025-12-26 06:58:01 - lib.remediator - [32mINFO[0m - ================================================================================

2025-12-26 06:58:03 - lib.remediator - [32mINFO[0m - 
[16/23] Processing rule: UBTU-24-100840
2025-12-26 06:58:03 - lib.remediator - [32mINFO[0m - 🔄 Remediation attempt 1/3 for UBTU-24-100840
2025-12-26 06:58:03 - lib.remediator - [32mINFO[0m - 
================================================================================
2025-12-26 06:58:03 - lib.remediator - [32mINFO[0m - 🔧 REMEDIATING RULE: UBTU-24-100840
2025-12-26 06:58:03 - lib.remediator - [32mINFO[0m -    Title: SSH server must use only FIPS-validated key exchange algorithms
2025-12-26 06:58:03 - lib.remediator - [32mINFO[0m -    Severity: high
2025-12-26 06:58:03 - lib.remediator - [32mINFO[0m -    Category: secure_communication
2025-12-26 06:58:03 - lib.remediator - [32mINFO[0m - ================================================================================
2025-12-26 06:58:03 - lib.remediator - [32mINFO[0m - ⚙️  Executing script with 180s timeout...
2025-12-26 06:58:04 - paramiko.transport.sftp - [32mINFO[0m - [chan 217] Opened sftp connection (server version 3)
2025-12-26 06:58:05 - paramiko.transport.sftp - [32mINFO[0m - [chan 217] sftp session closed.
2025-12-26 06:58:07 - lib.remediator - [33mWARNING[0m - ⚠️  Rule UBTU-24-100840: Remediation FAILED (exit code 1)
2025-12-26 06:58:07 - lib.remediator - [33mWARNING[0m -    Error: cp: cannot create regular file '/etc/ssh/sshd_config.bak.20251225_235806': Permission denied
2025-12-26 06:58:07 - lib.remediator - [32mINFO[0m - ================================================================================

2025-12-26 06:58:07 - lib.remediator - [32mINFO[0m - ⏳ Waiting 5s before retry...
2025-12-26 06:58:12 - lib.remediator - [32mINFO[0m - 🔄 Remediation attempt 2/3 for UBTU-24-100840
2025-12-26 06:58:12 - lib.remediator - [32mINFO[0m - 
================================================================================
2025-12-26 06:58:12 - lib.remediator - [32mINFO[0m - 🔧 REMEDIATING RULE: UBTU-24-100840
2025-12-26 06:58:12 - lib.remediator - [32mINFO[0m -    Title: SSH server must use only FIPS-validated key exchange algorithms
2025-12-26 06:58:12 - lib.remediator - [32mINFO[0m -    Severity: high
2025-12-26 06:58:12 - lib.remediator - [32mINFO[0m -    Category: secure_communication
2025-12-26 06:58:12 - lib.remediator - [32mINFO[0m - ================================================================================
2025-12-26 06:58:12 - lib.remediator - [32mINFO[0m - ⚙️  Executing script with 180s timeout...
2025-12-26 06:58:13 - paramiko.transport.sftp - [32mINFO[0m - [chan 220] Opened sftp connection (server version 3)
2025-12-26 06:58:15 - paramiko.transport.sftp - [32mINFO[0m - [chan 220] sftp session closed.
2025-12-26 06:58:17 - lib.remediator - [33mWARNING[0m - ⚠️  Rule UBTU-24-100840: Remediation FAILED (exit code 1)
2025-12-26 06:58:17 - lib.remediator - [33mWARNING[0m -    Error: cp: cannot create regular file '/etc/ssh/sshd_config.bak.20251225_235815': Permission denied
2025-12-26 06:58:17 - lib.remediator - [32mINFO[0m - ================================================================================

2025-12-26 06:58:17 - lib.remediator - [32mINFO[0m - ⏳ Waiting 5s before retry...
2025-12-26 06:58:22 - lib.remediator - [32mINFO[0m - 🔄 Remediation attempt 3/3 for UBTU-24-100840
2025-12-26 06:58:22 - lib.remediator - [32mINFO[0m - 
================================================================================
2025-12-26 06:58:22 - lib.remediator - [32mINFO[0m - 🔧 REMEDIATING RULE: UBTU-24-100840
2025-12-26 06:58:22 - lib.remediator - [32mINFO[0m -    Title: SSH server must use only FIPS-validated key exchange algorithms
2025-12-26 06:58:22 - lib.remediator - [32mINFO[0m -    Severity: high
2025-12-26 06:58:22 - lib.remediator - [32mINFO[0m -    Category: secure_communication
2025-12-26 06:58:22 - lib.remediator - [32mINFO[0m - ================================================================================
2025-12-26 06:58:22 - lib.remediator - [32mINFO[0m - ⚙️  Executing script with 180s timeout...
2025-12-26 06:58:23 - paramiko.transport.sftp - [32mINFO[0m - [chan 223] Opened sftp connection (server version 3)
2025-12-26 06:58:24 - paramiko.transport.sftp - [32mINFO[0m - [chan 223] sftp session closed.
2025-12-26 06:58:26 - lib.remediator - [33mWARNING[0m - ⚠️  Rule UBTU-24-100840: Remediation FAILED (exit code 1)
2025-12-26 06:58:26 - lib.remediator - [33mWARNING[0m -    Error: cp: cannot create regular file '/etc/ssh/sshd_config.bak.20251225_235824': Permission denied
2025-12-26 06:58:26 - lib.remediator - [32mINFO[0m - ================================================================================

2025-12-26 06:58:28 - lib.remediator - [32mINFO[0m - 
[17/23] Processing rule: UBTU-24-100900
2025-12-26 06:58:28 - lib.remediator - [32mINFO[0m - 🔄 Remediation attempt 1/3 for UBTU-24-100900
2025-12-26 06:58:28 - lib.remediator - [32mINFO[0m - 
================================================================================
2025-12-26 06:58:28 - lib.remediator - [32mINFO[0m - 🔧 REMEDIATING RULE: UBTU-24-100900
2025-12-26 06:58:28 - lib.remediator - [32mINFO[0m -    Title: OS must accept PIV credentials (CAC/smart card) - install opensc-pkcs11
2025-12-26 06:58:28 - lib.remediator - [32mINFO[0m -    Severity: medium
2025-12-26 06:58:28 - lib.remediator - [32mINFO[0m -    Category: authentication
2025-12-26 06:58:28 - lib.remediator - [32mINFO[0m - ================================================================================
2025-12-26 06:58:28 - lib.remediator - [32mINFO[0m - ⚙️  Executing script with 180s timeout...
2025-12-26 06:58:29 - paramiko.transport.sftp - [32mINFO[0m - [chan 226] Opened sftp connection (server version 3)
2025-12-26 06:58:30 - paramiko.transport.sftp - [32mINFO[0m - [chan 226] sftp session closed.
2025-12-26 06:58:32 - lib.remediator - [33mWARNING[0m - ⚠️  Rule UBTU-24-100900: Remediation FAILED (exit code 1)
2025-12-26 06:58:32 - lib.remediator - [33mWARNING[0m -    Error: E: Could not open lock file /var/lib/apt/lists/lock - open (13: Permission denied)
2025-12-26 06:58:32 - lib.remediator - [32mINFO[0m - ================================================================================

2025-12-26 06:58:32 - lib.remediator - [32mINFO[0m - ⏳ Waiting 5s before retry...
2025-12-26 06:58:37 - lib.remediator - [32mINFO[0m - 🔄 Remediation attempt 2/3 for UBTU-24-100900
2025-12-26 06:58:37 - lib.remediator - [32mINFO[0m - 
================================================================================
2025-12-26 06:58:37 - lib.remediator - [32mINFO[0m - 🔧 REMEDIATING RULE: UBTU-24-100900
2025-12-26 06:58:37 - lib.remediator - [32mINFO[0m -    Title: OS must accept PIV credentials (CAC/smart card) - install opensc-pkcs11
2025-12-26 06:58:37 - lib.remediator - [32mINFO[0m -    Severity: medium
2025-12-26 06:58:37 - lib.remediator - [32mINFO[0m -    Category: authentication
2025-12-26 06:58:37 - lib.remediator - [32mINFO[0m - ================================================================================
2025-12-26 06:58:37 - lib.remediator - [32mINFO[0m - ⚙️  Executing script with 180s timeout...
2025-12-26 06:58:38 - paramiko.transport.sftp - [32mINFO[0m - [chan 229] Opened sftp connection (server version 3)
2025-12-26 06:58:39 - paramiko.transport.sftp - [32mINFO[0m - [chan 229] sftp session closed.
2025-12-26 06:58:41 - lib.remediator - [33mWARNING[0m - ⚠️  Rule UBTU-24-100900: Remediation FAILED (exit code 1)
2025-12-26 06:58:41 - lib.remediator - [33mWARNING[0m -    Error: E: Could not open lock file /var/lib/apt/lists/lock - open (13: Permission denied)
2025-12-26 06:58:41 - lib.remediator - [32mINFO[0m - ================================================================================

2025-12-26 06:58:41 - lib.remediator - [32mINFO[0m - ⏳ Waiting 5s before retry...
2025-12-26 06:58:46 - lib.remediator - [32mINFO[0m - 🔄 Remediation attempt 3/3 for UBTU-24-100900
2025-12-26 06:58:46 - lib.remediator - [32mINFO[0m - 
================================================================================
2025-12-26 06:58:46 - lib.remediator - [32mINFO[0m - 🔧 REMEDIATING RULE: UBTU-24-100900
2025-12-26 06:58:46 - lib.remediator - [32mINFO[0m -    Title: OS must accept PIV credentials (CAC/smart card) - install opensc-pkcs11
2025-12-26 06:58:46 - lib.remediator - [32mINFO[0m -    Severity: medium
2025-12-26 06:58:46 - lib.remediator - [32mINFO[0m -    Category: authentication
2025-12-26 06:58:46 - lib.remediator - [32mINFO[0m - ================================================================================
2025-12-26 06:58:46 - lib.remediator - [32mINFO[0m - ⚙️  Executing script with 180s timeout...
2025-12-26 06:58:47 - paramiko.transport.sftp - [32mINFO[0m - [chan 232] Opened sftp connection (server version 3)
2025-12-26 06:58:48 - paramiko.transport.sftp - [32mINFO[0m - [chan 232] sftp session closed.
2025-12-26 06:58:50 - lib.remediator - [33mWARNING[0m - ⚠️  Rule UBTU-24-100900: Remediation FAILED (exit code 1)
2025-12-26 06:58:50 - lib.remediator - [33mWARNING[0m -    Error: E: Could not open lock file /var/lib/apt/lists/lock - open (13: Permission denied)
2025-12-26 06:58:50 - lib.remediator - [32mINFO[0m - ================================================================================

2025-12-26 06:58:52 - lib.remediator - [32mINFO[0m - 
[18/23] Processing rule: UBTU-24-102000
2025-12-26 06:58:52 - lib.remediator - [32mINFO[0m - 🔄 Remediation attempt 1/3 for UBTU-24-102000
2025-12-26 06:58:52 - lib.remediator - [32mINFO[0m - 
================================================================================
2025-12-26 06:58:52 - lib.remediator - [32mINFO[0m - 🔧 REMEDIATING RULE: UBTU-24-102000
2025-12-26 06:58:52 - lib.remediator - [32mINFO[0m -    Title: OS must require authentication when booting into single-user or maintenance mode
2025-12-26 06:58:52 - lib.remediator - [32mINFO[0m -    Severity: high
2025-12-26 06:58:52 - lib.remediator - [32mINFO[0m -    Category: access_control
2025-12-26 06:58:52 - lib.remediator - [32mINFO[0m - ================================================================================
2025-12-26 06:58:52 - lib.remediator - [32mINFO[0m - ⚙️  Executing script with 180s timeout...
2025-12-26 06:58:53 - paramiko.transport.sftp - [32mINFO[0m - [chan 235] Opened sftp connection (server version 3)
2025-12-26 06:58:54 - paramiko.transport.sftp - [32mINFO[0m - [chan 235] sftp session closed.
2025-12-26 06:58:56 - lib.remediator - [33mWARNING[0m - ⚠️  Rule UBTU-24-102000: Remediation FAILED (exit code 1)
2025-12-26 06:58:56 - lib.remediator - [33mWARNING[0m -    Error: grep: /boot/grub/grub.cfg: Permission denied
2025-12-26 06:58:56 - lib.remediator - [32mINFO[0m - ================================================================================

2025-12-26 06:58:56 - lib.remediator - [32mINFO[0m - ⏳ Waiting 5s before retry...
2025-12-26 06:59:01 - lib.remediator - [32mINFO[0m - 🔄 Remediation attempt 2/3 for UBTU-24-102000
2025-12-26 06:59:01 - lib.remediator - [32mINFO[0m - 
================================================================================
2025-12-26 06:59:01 - lib.remediator - [32mINFO[0m - 🔧 REMEDIATING RULE: UBTU-24-102000
2025-12-26 06:59:01 - lib.remediator - [32mINFO[0m -    Title: OS must require authentication when booting into single-user or maintenance mode
2025-12-26 06:59:01 - lib.remediator - [32mINFO[0m -    Severity: high
2025-12-26 06:59:01 - lib.remediator - [32mINFO[0m -    Category: access_control
2025-12-26 06:59:01 - lib.remediator - [32mINFO[0m - ================================================================================
2025-12-26 06:59:01 - lib.remediator - [32mINFO[0m - ⚙️  Executing script with 180s timeout...
2025-12-26 06:59:02 - paramiko.transport.sftp - [32mINFO[0m - [chan 238] Opened sftp connection (server version 3)
2025-12-26 06:59:03 - paramiko.transport.sftp - [32mINFO[0m - [chan 238] sftp session closed.
2025-12-26 06:59:05 - lib.remediator - [33mWARNING[0m - ⚠️  Rule UBTU-24-102000: Remediation FAILED (exit code 1)
2025-12-26 06:59:05 - lib.remediator - [33mWARNING[0m -    Error: grep: /boot/grub/grub.cfg: Permission denied
2025-12-26 06:59:05 - lib.remediator - [32mINFO[0m - ================================================================================

2025-12-26 06:59:05 - lib.remediator - [32mINFO[0m - ⏳ Waiting 5s before retry...
2025-12-26 06:59:10 - lib.remediator - [32mINFO[0m - 🔄 Remediation attempt 3/3 for UBTU-24-102000
2025-12-26 06:59:10 - lib.remediator - [32mINFO[0m - 
================================================================================
2025-12-26 06:59:10 - lib.remediator - [32mINFO[0m - 🔧 REMEDIATING RULE: UBTU-24-102000
2025-12-26 06:59:10 - lib.remediator - [32mINFO[0m -    Title: OS must require authentication when booting into single-user or maintenance mode
2025-12-26 06:59:10 - lib.remediator - [32mINFO[0m -    Severity: high
2025-12-26 06:59:10 - lib.remediator - [32mINFO[0m -    Category: access_control
2025-12-26 06:59:10 - lib.remediator - [32mINFO[0m - ================================================================================
2025-12-26 06:59:10 - lib.remediator - [32mINFO[0m - ⚙️  Executing script with 180s timeout...
2025-12-26 06:59:11 - paramiko.transport.sftp - [32mINFO[0m - [chan 241] Opened sftp connection (server version 3)
2025-12-26 06:59:13 - paramiko.transport.sftp - [32mINFO[0m - [chan 241] sftp session closed.
2025-12-26 06:59:15 - lib.remediator - [33mWARNING[0m - ⚠️  Rule UBTU-24-102000: Remediation FAILED (exit code 1)
2025-12-26 06:59:15 - lib.remediator - [33mWARNING[0m -    Error: grep: /boot/grub/grub.cfg: Permission denied
2025-12-26 06:59:15 - lib.remediator - [32mINFO[0m - ================================================================================

2025-12-26 06:59:17 - lib.remediator - [32mINFO[0m - 
[19/23] Processing rule: UBTU-24-200060
2025-12-26 06:59:17 - lib.remediator - [32mINFO[0m - 🔄 Remediation attempt 1/3 for UBTU-24-200060
2025-12-26 06:59:17 - lib.remediator - [32mINFO[0m - 
================================================================================
2025-12-26 06:59:17 - lib.remediator - [32mINFO[0m - 🔧 REMEDIATING RULE: UBTU-24-200060
2025-12-26 06:59:17 - lib.remediator - [32mINFO[0m -    Title: OS must automatically terminate user session after 10 minutes of inactivity
2025-12-26 06:59:17 - lib.remediator - [32mINFO[0m -    Severity: medium
2025-12-26 06:59:17 - lib.remediator - [32mINFO[0m -    Category: session_management
2025-12-26 06:59:17 - lib.remediator - [32mINFO[0m - ================================================================================
2025-12-26 06:59:17 - lib.remediator - [32mINFO[0m - ⚙️  Executing script with 180s timeout...
2025-12-26 06:59:18 - paramiko.transport.sftp - [32mINFO[0m - [chan 244] Opened sftp connection (server version 3)
2025-12-26 06:59:19 - paramiko.transport.sftp - [32mINFO[0m - [chan 244] sftp session closed.
2025-12-26 06:59:21 - lib.remediator - [33mWARNING[0m - ⚠️  Rule UBTU-24-200060: Remediation FAILED (exit code 1)
2025-12-26 06:59:21 - lib.remediator - [33mWARNING[0m -    Error: /tmp/stig_UBTU-24-200060.sh: line 18: /etc/profile.d/autologout.sh: Permission denied
2025-12-26 06:59:21 - lib.remediator - [32mINFO[0m - ================================================================================

2025-12-26 06:59:21 - lib.remediator - [32mINFO[0m - ⏳ Waiting 5s before retry...
2025-12-26 06:59:26 - lib.remediator - [32mINFO[0m - 🔄 Remediation attempt 2/3 for UBTU-24-200060
2025-12-26 06:59:26 - lib.remediator - [32mINFO[0m - 
================================================================================
2025-12-26 06:59:26 - lib.remediator - [32mINFO[0m - 🔧 REMEDIATING RULE: UBTU-24-200060
2025-12-26 06:59:26 - lib.remediator - [32mINFO[0m -    Title: OS must automatically terminate user session after 10 minutes of inactivity
2025-12-26 06:59:26 - lib.remediator - [32mINFO[0m -    Severity: medium
2025-12-26 06:59:26 - lib.remediator - [32mINFO[0m -    Category: session_management
2025-12-26 06:59:26 - lib.remediator - [32mINFO[0m - ================================================================================
2025-12-26 06:59:26 - lib.remediator - [32mINFO[0m - ⚙️  Executing script with 180s timeout...
2025-12-26 06:59:27 - paramiko.transport.sftp - [32mINFO[0m - [chan 247] Opened sftp connection (server version 3)
2025-12-26 06:59:28 - paramiko.transport.sftp - [32mINFO[0m - [chan 247] sftp session closed.
2025-12-26 06:59:30 - lib.remediator - [33mWARNING[0m - ⚠️  Rule UBTU-24-200060: Remediation FAILED (exit code 1)
2025-12-26 06:59:30 - lib.remediator - [33mWARNING[0m -    Error: /tmp/stig_UBTU-24-200060.sh: line 18: /etc/profile.d/autologout.sh: Permission denied
2025-12-26 06:59:30 - lib.remediator - [32mINFO[0m - ================================================================================

2025-12-26 06:59:30 - lib.remediator - [32mINFO[0m - ⏳ Waiting 5s before retry...
2025-12-26 06:59:35 - lib.remediator - [32mINFO[0m - 🔄 Remediation attempt 3/3 for UBTU-24-200060
2025-12-26 06:59:35 - lib.remediator - [32mINFO[0m - 
================================================================================
2025-12-26 06:59:35 - lib.remediator - [32mINFO[0m - 🔧 REMEDIATING RULE: UBTU-24-200060
2025-12-26 06:59:35 - lib.remediator - [32mINFO[0m -    Title: OS must automatically terminate user session after 10 minutes of inactivity
2025-12-26 06:59:35 - lib.remediator - [32mINFO[0m -    Severity: medium
2025-12-26 06:59:35 - lib.remediator - [32mINFO[0m -    Category: session_management
2025-12-26 06:59:35 - lib.remediator - [32mINFO[0m - ================================================================================
2025-12-26 06:59:35 - lib.remediator - [32mINFO[0m - ⚙️  Executing script with 180s timeout...
2025-12-26 06:59:36 - paramiko.transport.sftp - [32mINFO[0m - [chan 250] Opened sftp connection (server version 3)
2025-12-26 06:59:37 - paramiko.transport.sftp - [32mINFO[0m - [chan 250] sftp session closed.
2025-12-26 06:59:39 - lib.remediator - [33mWARNING[0m - ⚠️  Rule UBTU-24-200060: Remediation FAILED (exit code 1)
2025-12-26 06:59:39 - lib.remediator - [33mWARNING[0m -    Error: /tmp/stig_UBTU-24-200060.sh: line 18: /etc/profile.d/autologout.sh: Permission denied
2025-12-26 06:59:39 - lib.remediator - [32mINFO[0m - ================================================================================

2025-12-26 06:59:41 - lib.remediator - [32mINFO[0m - 
[20/23] Processing rule: UBTU-24-200260
2025-12-26 06:59:41 - lib.remediator - [32mINFO[0m - 🔄 Remediation attempt 1/3 for UBTU-24-200260
2025-12-26 06:59:41 - lib.remediator - [32mINFO[0m - 
================================================================================
2025-12-26 06:59:41 - lib.remediator - [32mINFO[0m - 🔧 REMEDIATING RULE: UBTU-24-200260
2025-12-26 06:59:41 - lib.remediator - [32mINFO[0m -    Title: OS must automatically lock user accounts after 30 days of inactivity
2025-12-26 06:59:41 - lib.remediator - [32mINFO[0m -    Severity: medium
2025-12-26 06:59:41 - lib.remediator - [32mINFO[0m -    Category: account_management
2025-12-26 06:59:41 - lib.remediator - [32mINFO[0m - ================================================================================
2025-12-26 06:59:41 - lib.remediator - [32mINFO[0m - ⚙️  Executing script with 180s timeout...
2025-12-26 06:59:42 - paramiko.transport.sftp - [32mINFO[0m - [chan 253] Opened sftp connection (server version 3)
2025-12-26 06:59:43 - paramiko.transport.sftp - [32mINFO[0m - [chan 253] sftp session closed.
2025-12-26 06:59:45 - lib.remediator - [33mWARNING[0m - ⚠️  Rule UBTU-24-200260: Remediation FAILED (exit code 1)
2025-12-26 06:59:45 - lib.remediator - [33mWARNING[0m -    Error: cp: cannot create regular file '/etc/default/useradd.bak.20251225_235944': Permission denied
2025-12-26 06:59:45 - lib.remediator - [32mINFO[0m - ================================================================================

2025-12-26 06:59:45 - lib.remediator - [32mINFO[0m - ⏳ Waiting 5s before retry...
2025-12-26 06:59:50 - lib.remediator - [32mINFO[0m - 🔄 Remediation attempt 2/3 for UBTU-24-200260
2025-12-26 06:59:50 - lib.remediator - [32mINFO[0m - 
================================================================================
2025-12-26 06:59:50 - lib.remediator - [32mINFO[0m - 🔧 REMEDIATING RULE: UBTU-24-200260
2025-12-26 06:59:50 - lib.remediator - [32mINFO[0m -    Title: OS must automatically lock user accounts after 30 days of inactivity
2025-12-26 06:59:50 - lib.remediator - [32mINFO[0m -    Severity: medium
2025-12-26 06:59:50 - lib.remediator - [32mINFO[0m -    Category: account_management
2025-12-26 06:59:50 - lib.remediator - [32mINFO[0m - ================================================================================
2025-12-26 06:59:50 - lib.remediator - [32mINFO[0m - ⚙️  Executing script with 180s timeout...
2025-12-26 06:59:51 - paramiko.transport.sftp - [32mINFO[0m - [chan 256] Opened sftp connection (server version 3)
2025-12-26 06:59:52 - paramiko.transport.sftp - [32mINFO[0m - [chan 256] sftp session closed.
2025-12-26 06:59:54 - lib.remediator - [33mWARNING[0m - ⚠️  Rule UBTU-24-200260: Remediation FAILED (exit code 1)
2025-12-26 06:59:54 - lib.remediator - [33mWARNING[0m -    Error: cp: cannot create regular file '/etc/default/useradd.bak.20251225_235953': Permission denied
2025-12-26 06:59:54 - lib.remediator - [32mINFO[0m - ================================================================================

2025-12-26 06:59:54 - lib.remediator - [32mINFO[0m - ⏳ Waiting 5s before retry...
2025-12-26 06:59:59 - lib.remediator - [32mINFO[0m - 🔄 Remediation attempt 3/3 for UBTU-24-200260
2025-12-26 06:59:59 - lib.remediator - [32mINFO[0m - 
================================================================================
2025-12-26 06:59:59 - lib.remediator - [32mINFO[0m - 🔧 REMEDIATING RULE: UBTU-24-200260
2025-12-26 06:59:59 - lib.remediator - [32mINFO[0m -    Title: OS must automatically lock user accounts after 30 days of inactivity
2025-12-26 06:59:59 - lib.remediator - [32mINFO[0m -    Severity: medium
2025-12-26 06:59:59 - lib.remediator - [32mINFO[0m -    Category: account_management
2025-12-26 06:59:59 - lib.remediator - [32mINFO[0m - ================================================================================
2025-12-26 06:59:59 - lib.remediator - [32mINFO[0m - ⚙️  Executing script with 180s timeout...
2025-12-26 07:00:00 - paramiko.transport.sftp - [32mINFO[0m - [chan 259] Opened sftp connection (server version 3)
2025-12-26 07:00:01 - paramiko.transport.sftp - [32mINFO[0m - [chan 259] sftp session closed.
2025-12-26 07:00:03 - lib.remediator - [33mWARNING[0m - ⚠️  Rule UBTU-24-200260: Remediation FAILED (exit code 1)
2025-12-26 07:00:03 - lib.remediator - [33mWARNING[0m -    Error: cp: cannot create regular file '/etc/default/useradd.bak.20251226_000002': Permission denied
2025-12-26 07:00:03 - lib.remediator - [32mINFO[0m - ================================================================================

2025-12-26 07:00:05 - lib.remediator - [32mINFO[0m - 
[21/23] Processing rule: UBTU-24-200000
2025-12-26 07:00:05 - lib.remediator - [32mINFO[0m - 🔄 Remediation attempt 1/3 for UBTU-24-200000
2025-12-26 07:00:05 - lib.remediator - [32mINFO[0m - 
================================================================================
2025-12-26 07:00:05 - lib.remediator - [32mINFO[0m - 🔧 REMEDIATING RULE: UBTU-24-200000
2025-12-26 07:00:05 - lib.remediator - [32mINFO[0m -    Title: OS must limit concurrent sessions to ten for all accounts
2025-12-26 07:00:05 - lib.remediator - [32mINFO[0m -    Severity: low
2025-12-26 07:00:05 - lib.remediator - [32mINFO[0m -    Category: session_management
2025-12-26 07:00:05 - lib.remediator - [32mINFO[0m - ================================================================================
2025-12-26 07:00:05 - lib.remediator - [32mINFO[0m - ⚙️  Executing script with 180s timeout...
2025-12-26 07:00:06 - paramiko.transport.sftp - [32mINFO[0m - [chan 262] Opened sftp connection (server version 3)
2025-12-26 07:00:07 - paramiko.transport.sftp - [32mINFO[0m - [chan 262] sftp session closed.
2025-12-26 07:00:09 - lib.remediator - [33mWARNING[0m - ⚠️  Rule UBTU-24-200000: Remediation FAILED (exit code 1)
2025-12-26 07:00:09 - lib.remediator - [33mWARNING[0m -    Error: /tmp/stig_UBTU-24-200000.sh: line 30: /etc/security/limits.d/50-maxlogins.conf: Permission denied
2025-12-26 07:00:09 - lib.remediator - [32mINFO[0m - ================================================================================

2025-12-26 07:00:09 - lib.remediator - [32mINFO[0m - ⏳ Waiting 5s before retry...
2025-12-26 07:00:14 - lib.remediator - [32mINFO[0m - 🔄 Remediation attempt 2/3 for UBTU-24-200000
2025-12-26 07:00:14 - lib.remediator - [32mINFO[0m - 
================================================================================
2025-12-26 07:00:14 - lib.remediator - [32mINFO[0m - 🔧 REMEDIATING RULE: UBTU-24-200000
2025-12-26 07:00:14 - lib.remediator - [32mINFO[0m -    Title: OS must limit concurrent sessions to ten for all accounts
2025-12-26 07:00:14 - lib.remediator - [32mINFO[0m -    Severity: low
2025-12-26 07:00:14 - lib.remediator - [32mINFO[0m -    Category: session_management
2025-12-26 07:00:14 - lib.remediator - [32mINFO[0m - ================================================================================
2025-12-26 07:00:14 - lib.remediator - [32mINFO[0m - ⚙️  Executing script with 180s timeout...
2025-12-26 07:00:15 - paramiko.transport.sftp - [32mINFO[0m - [chan 265] Opened sftp connection (server version 3)
2025-12-26 07:00:16 - paramiko.transport.sftp - [32mINFO[0m - [chan 265] sftp session closed.
2025-12-26 07:00:18 - lib.remediator - [33mWARNING[0m - ⚠️  Rule UBTU-24-200000: Remediation FAILED (exit code 1)
2025-12-26 07:00:18 - lib.remediator - [33mWARNING[0m -    Error: /tmp/stig_UBTU-24-200000.sh: line 30: /etc/security/limits.d/50-maxlogins.conf: Permission denied
2025-12-26 07:00:18 - lib.remediator - [32mINFO[0m - ================================================================================

2025-12-26 07:00:18 - lib.remediator - [32mINFO[0m - ⏳ Waiting 5s before retry...
2025-12-26 07:00:23 - lib.remediator - [32mINFO[0m - 🔄 Remediation attempt 3/3 for UBTU-24-200000
2025-12-26 07:00:23 - lib.remediator - [32mINFO[0m - 
================================================================================
2025-12-26 07:00:23 - lib.remediator - [32mINFO[0m - 🔧 REMEDIATING RULE: UBTU-24-200000
2025-12-26 07:00:23 - lib.remediator - [32mINFO[0m -    Title: OS must limit concurrent sessions to ten for all accounts
2025-12-26 07:00:23 - lib.remediator - [32mINFO[0m -    Severity: low
2025-12-26 07:00:23 - lib.remediator - [32mINFO[0m -    Category: session_management
2025-12-26 07:00:23 - lib.remediator - [32mINFO[0m - ================================================================================
2025-12-26 07:00:23 - lib.remediator - [32mINFO[0m - ⚙️  Executing script with 180s timeout...
2025-12-26 07:00:24 - paramiko.transport.sftp - [32mINFO[0m - [chan 268] Opened sftp connection (server version 3)
2025-12-26 07:00:26 - paramiko.transport.sftp - [32mINFO[0m - [chan 268] sftp session closed.
2025-12-26 07:00:27 - lib.remediator - [33mWARNING[0m - ⚠️  Rule UBTU-24-200000: Remediation FAILED (exit code 1)
2025-12-26 07:00:27 - lib.remediator - [33mWARNING[0m -    Error: /tmp/stig_UBTU-24-200000.sh: line 30: /etc/security/limits.d/50-maxlogins.conf: Permission denied
2025-12-26 07:00:27 - lib.remediator - [32mINFO[0m - ================================================================================

2025-12-26 07:00:29 - lib.remediator - [32mINFO[0m - 
[22/23] Processing rule: UBTU-24-300017
2025-12-26 07:00:29 - lib.remediator - [32mINFO[0m - 🔄 Remediation attempt 1/3 for UBTU-24-300017
2025-12-26 07:00:29 - lib.remediator - [32mINFO[0m - 
================================================================================
2025-12-26 07:00:29 - lib.remediator - [32mINFO[0m - 🔧 REMEDIATING RULE: UBTU-24-300017
2025-12-26 07:00:29 - lib.remediator - [32mINFO[0m -    Title: OS must enforce delay of at least four seconds between login prompts following a failed login
2025-12-26 07:00:29 - lib.remediator - [32mINFO[0m -    Severity: low
2025-12-26 07:00:29 - lib.remediator - [32mINFO[0m -    Category: access_control
2025-12-26 07:00:29 - lib.remediator - [32mINFO[0m - ================================================================================
2025-12-26 07:00:29 - lib.remediator - [32mINFO[0m - ⚙️  Executing script with 180s timeout...
2025-12-26 07:00:30 - paramiko.transport.sftp - [32mINFO[0m - [chan 271] Opened sftp connection (server version 3)
2025-12-26 07:00:31 - paramiko.transport.sftp - [32mINFO[0m - [chan 271] sftp session closed.
2025-12-26 07:00:33 - lib.remediator - [33mWARNING[0m - ⚠️  Rule UBTU-24-300017: Remediation FAILED (exit code 1)
2025-12-26 07:00:33 - lib.remediator - [33mWARNING[0m -    Error: cp: cannot create regular file '/etc/pam.d/common-auth.bak.20251226_000032': Permission denied
2025-12-26 07:00:33 - lib.remediator - [32mINFO[0m - ================================================================================

2025-12-26 07:00:33 - lib.remediator - [32mINFO[0m - ⏳ Waiting 5s before retry...
2025-12-26 07:00:38 - lib.remediator - [32mINFO[0m - 🔄 Remediation attempt 2/3 for UBTU-24-300017
2025-12-26 07:00:38 - lib.remediator - [32mINFO[0m - 
================================================================================
2025-12-26 07:00:38 - lib.remediator - [32mINFO[0m - 🔧 REMEDIATING RULE: UBTU-24-300017
2025-12-26 07:00:38 - lib.remediator - [32mINFO[0m -    Title: OS must enforce delay of at least four seconds between login prompts following a failed login
2025-12-26 07:00:38 - lib.remediator - [32mINFO[0m -    Severity: low
2025-12-26 07:00:38 - lib.remediator - [32mINFO[0m -    Category: access_control
2025-12-26 07:00:38 - lib.remediator - [32mINFO[0m - ================================================================================
2025-12-26 07:00:38 - lib.remediator - [32mINFO[0m - ⚙️  Executing script with 180s timeout...
2025-12-26 07:00:39 - paramiko.transport.sftp - [32mINFO[0m - [chan 274] Opened sftp connection (server version 3)
2025-12-26 07:00:41 - paramiko.transport.sftp - [32mINFO[0m - [chan 274] sftp session closed.
2025-12-26 07:00:42 - lib.remediator - [33mWARNING[0m - ⚠️  Rule UBTU-24-300017: Remediation FAILED (exit code 1)
2025-12-26 07:00:42 - lib.remediator - [33mWARNING[0m -    Error: cp: cannot create regular file '/etc/pam.d/common-auth.bak.20251226_000041': Permission denied
2025-12-26 07:00:42 - lib.remediator - [32mINFO[0m - ================================================================================

2025-12-26 07:00:42 - lib.remediator - [32mINFO[0m - ⏳ Waiting 5s before retry...
2025-12-26 07:00:47 - lib.remediator - [32mINFO[0m - 🔄 Remediation attempt 3/3 for UBTU-24-300017
2025-12-26 07:00:47 - lib.remediator - [32mINFO[0m - 
================================================================================
2025-12-26 07:00:47 - lib.remediator - [32mINFO[0m - 🔧 REMEDIATING RULE: UBTU-24-300017
2025-12-26 07:00:47 - lib.remediator - [32mINFO[0m -    Title: OS must enforce delay of at least four seconds between login prompts following a failed login
2025-12-26 07:00:47 - lib.remediator - [32mINFO[0m -    Severity: low
2025-12-26 07:00:47 - lib.remediator - [32mINFO[0m -    Category: access_control
2025-12-26 07:00:47 - lib.remediator - [32mINFO[0m - ================================================================================
2025-12-26 07:00:47 - lib.remediator - [32mINFO[0m - ⚙️  Executing script with 180s timeout...
2025-12-26 07:00:48 - paramiko.transport.sftp - [32mINFO[0m - [chan 277] Opened sftp connection (server version 3)
2025-12-26 07:00:50 - paramiko.transport.sftp - [32mINFO[0m - [chan 277] sftp session closed.
2025-12-26 07:00:51 - lib.remediator - [33mWARNING[0m - ⚠️  Rule UBTU-24-300017: Remediation FAILED (exit code 1)
2025-12-26 07:00:51 - lib.remediator - [33mWARNING[0m -    Error: cp: cannot create regular file '/etc/pam.d/common-auth.bak.20251226_000050': Permission denied
2025-12-26 07:00:51 - lib.remediator - [32mINFO[0m - ================================================================================

2025-12-26 07:00:53 - lib.remediator - [32mINFO[0m - 
[23/23] Processing rule: UBTU-24-400340
2025-12-26 07:00:53 - lib.remediator - [32mINFO[0m - 🔄 Remediation attempt 1/3 for UBTU-24-400340
2025-12-26 07:00:53 - lib.remediator - [32mINFO[0m - 
================================================================================
2025-12-26 07:00:53 - lib.remediator - [32mINFO[0m - 🔧 REMEDIATING RULE: UBTU-24-400340
2025-12-26 07:00:53 - lib.remediator - [32mINFO[0m -    Title: OS must be configured so PAM prohibits use of cached authentications after one day
2025-12-26 07:00:53 - lib.remediator - [32mINFO[0m -    Severity: low
2025-12-26 07:00:53 - lib.remediator - [32mINFO[0m -    Category: authentication
2025-12-26 07:00:53 - lib.remediator - [32mINFO[0m - ================================================================================
2025-12-26 07:00:53 - lib.remediator - [32mINFO[0m - ⚙️  Executing script with 180s timeout...
2025-12-26 07:00:54 - paramiko.transport.sftp - [32mINFO[0m - [chan 280] Opened sftp connection (server version 3)
2025-12-26 07:00:56 - paramiko.transport.sftp - [32mINFO[0m - [chan 280] sftp session closed.
2025-12-26 07:00:58 - lib.remediator - [33mWARNING[0m - ⚠️  Rule UBTU-24-400340: Remediation FAILED (exit code 1)
2025-12-26 07:00:58 - lib.remediator - [32mINFO[0m - ================================================================================

2025-12-26 07:00:58 - lib.remediator - [32mINFO[0m - ⏳ Waiting 5s before retry...
2025-12-26 07:01:03 - lib.remediator - [32mINFO[0m - 🔄 Remediation attempt 2/3 for UBTU-24-400340
2025-12-26 07:01:03 - lib.remediator - [32mINFO[0m - 
================================================================================
2025-12-26 07:01:03 - lib.remediator - [32mINFO[0m - 🔧 REMEDIATING RULE: UBTU-24-400340
2025-12-26 07:01:03 - lib.remediator - [32mINFO[0m -    Title: OS must be configured so PAM prohibits use of cached authentications after one day
2025-12-26 07:01:03 - lib.remediator - [32mINFO[0m -    Severity: low
2025-12-26 07:01:03 - lib.remediator - [32mINFO[0m -    Category: authentication
2025-12-26 07:01:03 - lib.remediator - [32mINFO[0m - ================================================================================
2025-12-26 07:01:03 - lib.remediator - [32mINFO[0m - ⚙️  Executing script with 180s timeout...
2025-12-26 07:01:03 - paramiko.transport.sftp - [32mINFO[0m - [chan 283] Opened sftp connection (server version 3)
2025-12-26 07:01:05 - paramiko.transport.sftp - [32mINFO[0m - [chan 283] sftp session closed.
2025-12-26 07:01:07 - lib.remediator - [33mWARNING[0m - ⚠️  Rule UBTU-24-400340: Remediation FAILED (exit code 1)
2025-12-26 07:01:07 - lib.remediator - [32mINFO[0m - ================================================================================

2025-12-26 07:01:07 - lib.remediator - [32mINFO[0m - ⏳ Waiting 5s before retry...
2025-12-26 07:01:12 - lib.remediator - [32mINFO[0m - 🔄 Remediation attempt 3/3 for UBTU-24-400340
2025-12-26 07:01:12 - lib.remediator - [32mINFO[0m - 
================================================================================
2025-12-26 07:01:12 - lib.remediator - [32mINFO[0m - 🔧 REMEDIATING RULE: UBTU-24-400340
2025-12-26 07:01:12 - lib.remediator - [32mINFO[0m -    Title: OS must be configured so PAM prohibits use of cached authentications after one day
2025-12-26 07:01:12 - lib.remediator - [32mINFO[0m -    Severity: low
2025-12-26 07:01:12 - lib.remediator - [32mINFO[0m -    Category: authentication
2025-12-26 07:01:12 - lib.remediator - [32mINFO[0m - ================================================================================
2025-12-26 07:01:12 - lib.remediator - [32mINFO[0m - ⚙️  Executing script with 180s timeout...
2025-12-26 07:01:13 - paramiko.transport.sftp - [32mINFO[0m - [chan 286] Opened sftp connection (server version 3)
2025-12-26 07:01:14 - paramiko.transport.sftp - [32mINFO[0m - [chan 286] sftp session closed.
2025-12-26 07:01:16 - lib.remediator - [33mWARNING[0m - ⚠️  Rule UBTU-24-400340: Remediation FAILED (exit code 1)
2025-12-26 07:01:16 - lib.remediator - [32mINFO[0m - ================================================================================

2025-12-26 07:01:16 - lib.remediator - [32mINFO[0m - Remediation completed: 4 SUCCESS, 19 FAILED
2025-12-26 07:01:16 - root - [32mINFO[0m - Remediation Summary: 4 SUCCESS, 19 FAILED
2025-12-26 07:01:16 - root - [32mINFO[0m - Remediation Success Rate: 17.39%
2025-12-26 07:01:16 - root - [32mINFO[0m - 
2025-12-26 07:01:16 - root - [32mINFO[0m - ================================================================================
2025-12-26 07:01:16 - root - [32mINFO[0m - PHASE 3: Re-Validation Check
2025-12-26 07:01:16 - root - [32mINFO[0m - ================================================================================
2025-12-26 07:01:16 - root - [32mINFO[0m - Re-checking 23 remediated rules
2025-12-26 07:01:16 - lib.checker - [32mINFO[0m - Loaded 35 STIG rules
2025-12-26 07:01:16 - lib.checker - [32mINFO[0m - Starting checks for 23 rules
2025-12-26 07:01:16 - lib.checker - [32mINFO[0m - Checking rule: UBTU-24-90890
2025-12-26 07:01:17 - paramiko.transport.sftp - [32mINFO[0m - [chan 289] Opened sftp connection (server version 3)
2025-12-26 07:01:18 - paramiko.transport.sftp - [32mINFO[0m - [chan 289] sftp session closed.
2025-12-26 07:01:20 - lib.checker - [32mINFO[0m - Rule UBTU-24-90890: FAIL
2025-12-26 07:01:20 - lib.checker - [32mINFO[0m - Checking rule: UBTU-24-100100
2025-12-26 07:01:21 - paramiko.transport.sftp - [32mINFO[0m - [chan 292] Opened sftp connection (server version 3)
2025-12-26 07:01:22 - paramiko.transport.sftp - [32mINFO[0m - [chan 292] sftp session closed.
2025-12-26 07:01:24 - lib.checker - [32mINFO[0m - Rule UBTU-24-100100: FAIL
2025-12-26 07:01:24 - lib.checker - [32mINFO[0m - Checking rule: UBTU-24-100110
2025-12-26 07:01:25 - paramiko.transport.sftp - [32mINFO[0m - [chan 295] Opened sftp connection (server version 3)
2025-12-26 07:01:27 - paramiko.transport.sftp - [32mINFO[0m - [chan 295] sftp session closed.
2025-12-26 07:01:28 - lib.checker - [32mINFO[0m - Rule UBTU-24-100110: FAIL
2025-12-26 07:01:28 - lib.checker - [32mINFO[0m - Checking rule: UBTU-24-100120
2025-12-26 07:01:30 - paramiko.transport.sftp - [32mINFO[0m - [chan 298] Opened sftp connection (server version 3)
2025-12-26 07:01:31 - paramiko.transport.sftp - [32mINFO[0m - [chan 298] sftp session closed.
2025-12-26 07:01:33 - lib.checker - [32mINFO[0m - Rule UBTU-24-100120: FAIL
2025-12-26 07:01:33 - lib.checker - [32mINFO[0m - Checking rule: UBTU-24-100130
2025-12-26 07:01:34 - paramiko.transport.sftp - [32mINFO[0m - [chan 301] Opened sftp connection (server version 3)
2025-12-26 07:01:35 - paramiko.transport.sftp - [32mINFO[0m - [chan 301] sftp session closed.
2025-12-26 07:01:37 - lib.checker - [32mINFO[0m - Rule UBTU-24-100130: FAIL
2025-12-26 07:01:37 - lib.checker - [32mINFO[0m - Checking rule: UBTU-24-100310
2025-12-26 07:01:38 - paramiko.transport.sftp - [32mINFO[0m - [chan 304] Opened sftp connection (server version 3)
2025-12-26 07:01:39 - paramiko.transport.sftp - [32mINFO[0m - [chan 304] sftp session closed.
2025-12-26 07:01:41 - lib.checker - [32mINFO[0m - Rule UBTU-24-100310: FAIL
2025-12-26 07:01:41 - lib.checker - [32mINFO[0m - Checking rule: UBTU-24-100400
2025-12-26 07:01:42 - paramiko.transport.sftp - [32mINFO[0m - [chan 307] Opened sftp connection (server version 3)
2025-12-26 07:01:43 - paramiko.transport.sftp - [32mINFO[0m - [chan 307] sftp session closed.
2025-12-26 07:01:45 - lib.checker - [32mINFO[0m - Rule UBTU-24-100400: FAIL
2025-12-26 07:01:45 - lib.checker - [32mINFO[0m - Checking rule: UBTU-24-100410
2025-12-26 07:01:47 - paramiko.transport.sftp - [32mINFO[0m - [chan 310] Opened sftp connection (server version 3)
2025-12-26 07:01:48 - paramiko.transport.sftp - [32mINFO[0m - [chan 310] sftp session closed.
2025-12-26 07:01:50 - lib.checker - [32mINFO[0m - Rule UBTU-24-100410: FAIL
2025-12-26 07:01:50 - lib.checker - [32mINFO[0m - Checking rule: UBTU-24-100450
2025-12-26 07:01:51 - paramiko.transport.sftp - [32mINFO[0m - [chan 313] Opened sftp connection (server version 3)
2025-12-26 07:01:52 - paramiko.transport.sftp - [32mINFO[0m - [chan 313] sftp session closed.
2025-12-26 07:01:54 - lib.checker - [32mINFO[0m - Rule UBTU-24-100450: FAIL
2025-12-26 07:01:54 - lib.checker - [32mINFO[0m - Checking rule: UBTU-24-100600
2025-12-26 07:01:55 - paramiko.transport.sftp - [32mINFO[0m - [chan 316] Opened sftp connection (server version 3)
2025-12-26 07:01:56 - paramiko.transport.sftp - [32mINFO[0m - [chan 316] sftp session closed.
2025-12-26 07:01:58 - lib.checker - [32mINFO[0m - Rule UBTU-24-100600: FAIL
2025-12-26 07:01:58 - lib.checker - [32mINFO[0m - Checking rule: UBTU-24-100650
2025-12-26 07:01:59 - paramiko.transport.sftp - [32mINFO[0m - [chan 319] Opened sftp connection (server version 3)
2025-12-26 07:02:00 - paramiko.transport.sftp - [32mINFO[0m - [chan 319] sftp session closed.
2025-12-26 07:02:02 - lib.checker - [32mINFO[0m - Rule UBTU-24-100650: FAIL
2025-12-26 07:02:02 - lib.checker - [32mINFO[0m - Checking rule: UBTU-24-100660
2025-12-26 07:02:04 - paramiko.transport.sftp - [32mINFO[0m - [chan 322] Opened sftp connection (server version 3)
2025-12-26 07:02:05 - paramiko.transport.sftp - [32mINFO[0m - [chan 322] sftp session closed.
2025-12-26 07:02:07 - lib.checker - [32mINFO[0m - Rule UBTU-24-100660: FAIL
2025-12-26 07:02:07 - lib.checker - [32mINFO[0m - Checking rule: UBTU-24-100810
2025-12-26 07:02:08 - paramiko.transport.sftp - [32mINFO[0m - [chan 325] Opened sftp connection (server version 3)
2025-12-26 07:02:09 - paramiko.transport.sftp - [32mINFO[0m - [chan 325] sftp session closed.
2025-12-26 07:02:11 - lib.checker - [32mINFO[0m - Rule UBTU-24-100810: FAIL
2025-12-26 07:02:11 - lib.checker - [32mINFO[0m - Checking rule: UBTU-24-100820
2025-12-26 07:02:12 - paramiko.transport.sftp - [32mINFO[0m - [chan 328] Opened sftp connection (server version 3)
2025-12-26 07:02:13 - paramiko.transport.sftp - [32mINFO[0m - [chan 328] sftp session closed.
2025-12-26 07:02:15 - lib.checker - [32mINFO[0m - Rule UBTU-24-100820: FAIL
2025-12-26 07:02:15 - lib.checker - [32mINFO[0m - Checking rule: UBTU-24-100830
2025-12-26 07:02:17 - paramiko.transport.sftp - [32mINFO[0m - [chan 331] Opened sftp connection (server version 3)
2025-12-26 07:02:18 - paramiko.transport.sftp - [32mINFO[0m - [chan 331] sftp session closed.
2025-12-26 07:02:20 - lib.checker - [32mINFO[0m - Rule UBTU-24-100830: FAIL
2025-12-26 07:02:20 - lib.checker - [32mINFO[0m - Checking rule: UBTU-24-100840
2025-12-26 07:02:21 - paramiko.transport.sftp - [32mINFO[0m - [chan 334] Opened sftp connection (server version 3)
2025-12-26 07:02:22 - paramiko.transport.sftp - [32mINFO[0m - [chan 334] sftp session closed.
2025-12-26 07:02:24 - lib.checker - [32mINFO[0m - Rule UBTU-24-100840: FAIL
2025-12-26 07:02:24 - lib.checker - [32mINFO[0m - Checking rule: UBTU-24-100900
2025-12-26 07:02:25 - paramiko.transport.sftp - [32mINFO[0m - [chan 337] Opened sftp connection (server version 3)
2025-12-26 07:02:26 - paramiko.transport.sftp - [32mINFO[0m - [chan 337] sftp session closed.
2025-12-26 07:02:28 - lib.checker - [32mINFO[0m - Rule UBTU-24-100900: FAIL
2025-12-26 07:02:28 - lib.checker - [32mINFO[0m - Checking rule: UBTU-24-102000
2025-12-26 07:02:29 - paramiko.transport.sftp - [32mINFO[0m - [chan 340] Opened sftp connection (server version 3)
2025-12-26 07:02:31 - paramiko.transport.sftp - [32mINFO[0m - [chan 340] sftp session closed.
2025-12-26 07:02:32 - lib.checker - [32mINFO[0m - Rule UBTU-24-102000: FAIL
2025-12-26 07:02:32 - lib.checker - [32mINFO[0m - Checking rule: UBTU-24-200060
2025-12-26 07:02:34 - paramiko.transport.sftp - [32mINFO[0m - [chan 343] Opened sftp connection (server version 3)
2025-12-26 07:02:35 - paramiko.transport.sftp - [32mINFO[0m - [chan 343] sftp session closed.
2025-12-26 07:02:37 - lib.checker - [32mINFO[0m - Rule UBTU-24-200060: FAIL
2025-12-26 07:02:37 - lib.checker - [32mINFO[0m - Checking rule: UBTU-24-200260
2025-12-26 07:02:38 - paramiko.transport.sftp - [32mINFO[0m - [chan 346] Opened sftp connection (server version 3)
2025-12-26 07:02:39 - paramiko.transport.sftp - [32mINFO[0m - [chan 346] sftp session closed.
2025-12-26 07:02:41 - lib.checker - [32mINFO[0m - Rule UBTU-24-200260: FAIL
2025-12-26 07:02:41 - lib.checker - [32mINFO[0m - Checking rule: UBTU-24-200000
2025-12-26 07:02:42 - paramiko.transport.sftp - [32mINFO[0m - [chan 349] Opened sftp connection (server version 3)
2025-12-26 07:02:44 - paramiko.transport.sftp - [32mINFO[0m - [chan 349] sftp session closed.
2025-12-26 07:02:46 - lib.checker - [32mINFO[0m - Rule UBTU-24-200000: FAIL
2025-12-26 07:02:46 - lib.checker - [32mINFO[0m - Checking rule: UBTU-24-300017
2025-12-26 07:02:47 - paramiko.transport.sftp - [32mINFO[0m - [chan 352] Opened sftp connection (server version 3)
2025-12-26 07:02:48 - paramiko.transport.sftp - [32mINFO[0m - [chan 352] sftp session closed.
2025-12-26 07:02:50 - lib.checker - [32mINFO[0m - Rule UBTU-24-300017: FAIL
2025-12-26 07:02:50 - lib.checker - [32mINFO[0m - Checking rule: UBTU-24-400340
2025-12-26 07:02:51 - paramiko.transport.sftp - [32mINFO[0m - [chan 355] Opened sftp connection (server version 3)
2025-12-26 07:02:52 - paramiko.transport.sftp - [32mINFO[0m - [chan 355] sftp session closed.
2025-12-26 07:02:54 - lib.checker - [32mINFO[0m - Rule UBTU-24-400340: FAIL
2025-12-26 07:02:54 - lib.checker - [32mINFO[0m - Check completed: 0 PASS, 23 FAIL, 0 ERROR
2025-12-26 07:02:54 - root - [32mINFO[0m - Post-check Summary: 0 PASS, 23 FAIL, 0 ERROR
2025-12-26 07:02:54 - root - [32mINFO[0m - Final Compliance Rate: 0.0%
2025-12-26 07:02:54 - root - [33mWARNING[0m - ⚠ Compliance decreased by 34.29%
2025-12-26 07:02:54 - root - [32mINFO[0m - 
2025-12-26 07:02:54 - root - [32mINFO[0m - ================================================================================
2025-12-26 07:02:54 - root - [32mINFO[0m - PHASE 4: Generate Reports
2025-12-26 07:02:54 - root - [32mINFO[0m - ================================================================================
2025-12-26 07:02:54 - lib.reporter - [32mINFO[0m - HTML report generated: C:\Users\Khoa_Le\Documents\Y4\LTKB\DA\stig_automation\./reports\stig_report_20251226_070254.html
2025-12-26 07:02:54 - root - [32mINFO[0m - HTML Report: C:\Users\Khoa_Le\Documents\Y4\LTKB\DA\stig_automation\./reports\stig_report_20251226_070254.html
2025-12-26 07:02:54 - lib.reporter - [32mINFO[0m - JSON report generated: C:\Users\Khoa_Le\Documents\Y4\LTKB\DA\stig_automation\./reports\stig_report_20251226_070254.json
2025-12-26 07:02:54 - root - [32mINFO[0m - JSON Report: C:\Users\Khoa_Le\Documents\Y4\LTKB\DA\stig_automation\./reports\stig_report_20251226_070254.json
2025-12-26 07:02:54 - root - [32mINFO[0m - 
2025-12-26 07:02:54 - root - [32mINFO[0m - ================================================================================
2025-12-26 07:02:54 - root - [32mINFO[0m - EXECUTION SUMMARY
2025-12-26 07:02:54 - root - [32mINFO[0m - ================================================================================
2025-12-26 07:02:54 - root - [32mINFO[0m - Target: ip-172-31-8-148
2025-12-26 07:02:54 - root - [32mINFO[0m - Mode: ssh
2025-12-26 07:02:54 - root - [32mINFO[0m - Rules Checked: 35
2025-12-26 07:02:54 - root - [32mINFO[0m - Remediations Applied: 23
2025-12-26 07:02:54 - root - [32mINFO[0m - Final Compliance: 0.0%
2025-12-26 07:02:54 - root - [32mINFO[0m - Reports: C:\Users\Khoa_Le\Documents\Y4\LTKB\DA\stig_automation\./reports
2025-12-26 07:02:54 - root - [32mINFO[0m - Logs: C:\Users\Khoa_Le\Documents\Y4\LTKB\DA\stig_automation\./logs
2025-12-26 07:02:54 - root - [32mINFO[0m - 
2025-12-26 07:02:54 - root - [32mINFO[0m - View Reports:
2025-12-26 07:02:54 - root - [32mINFO[0m -   HTML: file://C:\Users\Khoa_Le\Documents\Y4\LTKB\DA\stig_automation\reports\stig_report_20251226_070254.html
2025-12-26 07:02:54 - root - [32mINFO[0m -   JSON: file://C:\Users\Khoa_Le\Documents\Y4\LTKB\DA\stig_automation\reports\stig_report_20251226_070254.json
2025-12-26 07:02:54 - root - [32mINFO[0m - ================================================================================
2025-12-26 07:02:54 - root - [32mINFO[0m - ✓ Execution completed successfully
2025-12-26 07:02:54 - lib.executor - [32mINFO[0m - SSH connection closed
